n_states,initialization,log_likelihood,aic,bic,model_params
2,0,-1284.8061498230245,2583.612299646049,2617.666234091845,"{'means': array([[-0.65675194],
       [ 0.68919215]]), 'covars': array([[[0.23346891]],

       [[0.87682252]]]), 'transmat': array([[0.54633669, 0.45366331],
       [0.47296829, 0.52703171]]), 'startprob': array([1.00000000e+00, 1.05342291e-46])}"
2,1,-1284.7999771161737,2583.5999542323475,2617.6538886781436,"{'means': array([[ 0.68763348],
       [-0.65732293]]), 'covars': array([[[0.87747063]],

       [[0.23309849]]]), 'transmat': array([[0.5278357 , 0.4721643 ],
       [0.45431843, 0.54568157]]), 'startprob': array([5.05208589e-65, 1.00000000e+00])}"
2,2,-1284.7350472214187,2583.4700944428373,2617.5240288886334,"{'means': array([[-0.66651173],
       [ 0.65720071]]), 'covars': array([[[0.22704663]],

       [[0.89225209]]]), 'transmat': array([[0.53514929, 0.46485071],
       [0.45525468, 0.54474532]]), 'startprob': array([9.99999688e-01, 3.11572839e-07])}"
2,3,-1284.7687197700093,2583.5374395400186,2617.5913739858147,"{'means': array([[-0.65997203],
       [ 0.67649446]]), 'covars': array([[[0.2313327 ]],

       [[0.88384103]]]), 'transmat': array([[0.54059297, 0.45940703],
       [0.46780341, 0.53219659]]), 'startprob': array([9.99999625e-01, 3.75483290e-07])}"
2,4,-1284.7995658198533,2583.5991316397067,2617.653066085503,"{'means': array([[-0.65736182],
       [ 0.68752739]]), 'covars': array([[[0.23307326]],

       [[0.87751466]]]), 'transmat': array([[0.54563696, 0.45436304],
       [0.47210951, 0.52789049]]), 'startprob': array([1.00000000e+00, 2.32534977e-61])}"
2,5,-1284.798742972301,2583.597485944602,2617.651420390398,"{'means': array([[ 0.61782927],
       [-0.68395728]]), 'covars': array([[[0.90405374]],

       [[0.21589325]]]), 'transmat': array([[0.56598552, 0.43401448],
       [0.48390482, 0.51609518]]), 'startprob': array([2.33723493e-11, 1.00000000e+00])}"
2,6,-1284.7920511338484,2583.584102267697,2617.638036713493,"{'means': array([[ 0.61940971],
       [-0.6833053 ]]), 'covars': array([[[0.90353189]],

       [[0.21631117]]]), 'transmat': array([[0.56493701, 0.43506299],
       [0.48336686, 0.51663314]]), 'startprob': array([5.96471396e-11, 1.00000000e+00])}"
2,7,-1284.8015763562785,2583.603152712557,2617.657087158353,"{'means': array([[-0.65717271],
       [ 0.68804321]]), 'covars': array([[[0.23319593]],

       [[0.87730052]]]), 'transmat': array([[0.54585385, 0.45414615],
       [0.47237583, 0.52762417]]), 'startprob': array([1.00000000e+00, 3.84848962e-19])}"
2,8,-1284.8030250765898,2583.6060501531797,2617.659984598976,"{'means': array([[-0.65703801],
       [ 0.68841071]]), 'covars': array([[[0.23328331]],

       [[0.87714783]]]), 'transmat': array([[0.54600835, 0.45399165],
       [0.47256545, 0.52743455]]), 'startprob': array([1.00000000e+00, 1.44170452e-20])}"
2,9,-1284.8055598515464,2583.6111197030928,2617.665054148889,"{'means': array([[ 0.68904578],
       [-0.65680552]]), 'covars': array([[[0.87688347]],

       [[0.23343415]]]), 'transmat': array([[0.52710712, 0.47289288],
       [0.45372481, 0.54627519]]), 'startprob': array([8.43685766e-48, 1.00000000e+00])}"
3,0,-1271.5462927417268,2571.0925854834536,2639.200454375046,"{'means': array([[-0.95761221],
       [-0.18627378],
       [ 0.82675918]]), 'covars': array([[[0.10483038]],

       [[0.16596071]],

       [[0.83956209]]]), 'transmat': array([[0.36500645, 0.19237742, 0.44261613],
       [0.28092186, 0.40023829, 0.31883985],
       [0.27780375, 0.25825096, 0.46394529]]), 'startprob': array([6.72888912e-083, 1.00000000e+000, 8.70435678e-120])}"
3,1,-1272.9855045539982,2573.9710091079965,2642.0788779995887,"{'means': array([[-0.95483136],
       [-0.37070584],
       [ 0.81620111]]), 'covars': array([[[0.09545635]],

       [[0.30800188]],

       [[0.87267913]]]), 'transmat': array([[0.42401516, 0.00600473, 0.56998011],
       [0.09584028, 0.63605768, 0.26810205],
       [0.18155879, 0.34836366, 0.47007755]]), 'startprob': array([2.24725521e-25, 1.00000000e+00, 1.60761275e-40])}"
3,2,-1271.988419811703,2571.976839623406,2640.084708514998,"{'means': array([[ 0.88246332],
       [-0.97473914],
       [-0.22206208]]), 'covars': array([[[0.83122925]],

       [[0.10180096]],

       [[0.23008348]]]), 'transmat': array([[0.43774451, 0.2491208 , 0.31313469],
       [0.42233013, 0.34492763, 0.23274224],
       [0.300146  , 0.23668399, 0.46317001]]), 'startprob': array([1.06898485e-115, 5.04163364e-105, 1.00000000e+000])}"
3,3,-1279.8076803471758,2587.6153606943517,2655.723229585944,"{'means': array([[ 0.62358903],
       [-0.65282434],
       [ 1.00460252]]), 'covars': array([[[0.32320389]],

       [[0.23250491]],

       [[1.01594868]]]), 'transmat': array([[0.02055801, 0.52845059, 0.4509914 ],
       [0.24886405, 0.58418955, 0.1669464 ],
       [0.22340454, 0.52737827, 0.24921719]]), 'startprob': array([7.57247049e-50, 1.00000000e+00, 1.34701981e-80])}"
3,4,-1278.1716299432376,2584.343259886475,2652.4511287780674,"{'means': array([[-0.77598678],
       [ 1.20941429],
       [ 0.2349196 ]]), 'covars': array([[[0.17812233]],

       [[0.8832492 ]],

       [[0.44791857]]]), 'transmat': array([[0.47368693, 0.17502345, 0.35128962],
       [0.44487478, 0.2942079 , 0.26091733],
       [0.36521224, 0.19182199, 0.44296576]]), 'startprob': array([1.00000000e+00, 4.96870435e-52, 4.09429978e-18])}"
3,5,-1271.9705792753948,2571.9411585507896,2640.049027442382,"{'means': array([[-0.97396649],
       [-0.2200327 ],
       [ 0.87985635]]), 'covars': array([[[0.10202717]],

       [[0.22710103]],

       [[0.83173354]]]), 'transmat': array([[0.34579124, 0.23112348, 0.42308529],
       [0.23907533, 0.45996951, 0.30095516],
       [0.25067215, 0.31036454, 0.43896331]]), 'startprob': array([5.22006152e-105, 1.00000000e+000, 5.19790646e-141])}"
3,6,-1278.3711561044722,2584.7423122089444,2652.8501811005367,"{'means': array([[-0.73045451],
       [ 0.43225787],
       [ 1.77683604]]), 'covars': array([[[0.19845878]],

       [[0.53330517]],

       [[0.683041  ]]]), 'transmat': array([[0.50343453, 0.44038179, 0.05618368],
       [0.43363283, 0.45617875, 0.11018842],
       [0.49149746, 0.35806438, 0.15043815]]), 'startprob': array([1.00000000e+00, 3.35918169e-10, 1.16734637e-56])}"
3,7,-1271.9590219924905,2571.918043984981,2640.0259128765733,"{'means': array([[-0.97358924],
       [-0.21904212],
       [ 0.87806661]]), 'covars': array([[[0.10213143]],

       [[0.22525834]],

       [[0.83210418]]]), 'transmat': array([[0.34625036, 0.23005992, 0.42368972],
       [0.24041042, 0.45807221, 0.30151737],
       [0.25150258, 0.30870255, 0.43979487]]), 'startprob': array([1.25547644e-104, 1.00000000e+000, 8.26733478e-150])}"
3,8,-1272.3179836871493,2572.6359673742986,2640.743836265891,"{'means': array([[-0.30207755],
       [-0.97661844],
       [ 0.79959215]]), 'covars': array([[[0.25558793]],

       [[0.09934767]],

       [[0.87506848]]]), 'transmat': array([[0.53443554, 0.17069685, 0.2948676 ],
       [0.13740238, 0.36149508, 0.50110255],
       [0.30605254, 0.21774874, 0.47619872]]), 'startprob': array([1.00000000e+00, 1.43493259e-68, 2.63844138e-81])}"
3,9,-1278.5896558842937,2585.1793117685875,2653.2871806601797,"{'means': array([[ 1.34932807],
       [-0.7259181 ],
       [ 0.39954696]]), 'covars': array([[[0.87716625]],

       [[0.20079874]],

       [[0.45337126]]]), 'transmat': array([[0.21673338, 0.4841875 , 0.29907913],
       [0.11779595, 0.5152751 , 0.36692895],
       [0.19074663, 0.45002356, 0.35922981]]), 'startprob': array([2.51188725e-72, 1.00000000e+00, 8.46717314e-28])}"
4,0,-1271.8910129817318,2589.7820259634636,2701.6735248567934,"{'means': array([[ 0.78480548],
       [ 0.80769053],
       [-0.60660647],
       [ 2.38555332]]), 'covars': array([[[0.68179411]],

       [[0.03074155]],

       [[0.26124767]],

       [[0.48753089]]]), 'transmat': array([[3.46830190e-01, 7.69742993e-10, 6.53169622e-01, 1.87017154e-07],
       [1.49606900e-01, 2.67741832e-01, 1.89847188e-01, 3.92804081e-01],
       [3.33380019e-01, 5.09614963e-02, 5.99876706e-01, 1.57817783e-02],
       [7.16090358e-01, 5.22826954e-05, 2.80893978e-01, 2.96338166e-03]]), 'startprob': array([2.10487779e-030, 6.79229807e-215, 1.00000000e+000, 1.68155190e-240])}"
4,1,-1262.068071579276,2570.136143158552,2682.0276420518817,"{'means': array([[-0.23685175],
       [ 1.17852201],
       [-0.95493425],
       [ 0.42998074]]), 'covars': array([[[0.0890311 ]],

       [[0.90111225]],

       [[0.10227387]],

       [[0.43688344]]]), 'transmat': array([[1.02498230e-01, 1.45255751e-07, 3.70567512e-01, 5.26934113e-01],
       [8.92009491e-03, 1.27959996e-01, 3.88281960e-01, 4.74837949e-01],
       [1.66180237e-01, 2.19923606e-01, 3.73178229e-01, 2.40717928e-01],
       [4.08451074e-01, 3.85285195e-01, 2.06262707e-01, 1.02344803e-06]]), 'startprob': array([1.00000000e+000, 1.31351751e-250, 1.22512457e-296, 3.16401703e-178])}"
4,2,-1263.339375791168,2572.678751582336,2684.570250475666,"{'means': array([[ 1.29167438],
       [-0.98372235],
       [ 0.77058608],
       [-0.2272599 ]]), 'covars': array([[[0.86348002]],

       [[0.09708517]],

       [[0.23870349]],

       [[0.13749231]]]), 'transmat': array([[1.76441921e-01, 3.70465294e-01, 2.42297584e-01, 2.10795201e-01],
       [1.69350465e-01, 3.55879019e-01, 2.08506646e-01, 2.66263871e-01],
       [3.66165106e-01, 1.70787859e-01, 4.63620729e-08, 4.63046989e-01],
       [9.92740544e-02, 2.97701814e-01, 2.22613396e-01, 3.80410736e-01]]), 'startprob': array([8.95861345e-198, 0.00000000e+000, 5.21389943e-308, 1.00000000e+000])}"
4,3,-1263.6296759856116,2573.259351971223,2685.150850864553,"{'means': array([[ 1.15201458],
       [-0.85048061],
       [-0.0486239 ],
       [ 0.39930652]]), 'covars': array([[[0.91377004]],

       [[0.13645945]],

       [[0.04682786]],

       [[0.4936233 ]]]), 'transmat': array([[0.37989678, 0.42127137, 0.16827681, 0.03055504],
       [0.14090155, 0.44794114, 0.02552691, 0.3856304 ],
       [0.20273172, 0.42134714, 0.37064214, 0.005279  ],
       [0.17581471, 0.33199734, 0.06611709, 0.42607087]]), 'startprob': array([3.81740854e-230, 7.54224779e-234, 1.00000000e+000, 5.73134778e-095])}"
4,4,-1263.6393328760464,2573.278665752093,2685.1701646454226,"{'means': array([[-0.81180177],
       [ 1.2519955 ],
       [ 0.53635899],
       [-0.03267087]]), 'covars': array([[[0.15247355]],

       [[0.90555514]],

       [[0.40570341]],

       [[0.0408327 ]]]), 'transmat': array([[0.49684085, 0.11963529, 0.35920394, 0.02431992],
       [0.46390321, 0.26300418, 0.17222043, 0.10087218],
       [0.37821364, 0.21882169, 0.28611537, 0.1168493 ],
       [0.4301489 , 0.19219964, 0.0160649 , 0.36158657]]), 'startprob': array([1.55011314e-020, 1.40206013e-111, 7.15463970e-168, 1.00000000e+000])}"
4,5,-1282.0712887079112,2610.1425774158224,2722.034076309152,"{'means': array([[-0.67455491],
       [ 0.57586595],
       [ 0.87903917],
       [ 0.53080965]]), 'covars': array([[[0.22242493]],

       [[0.7735626 ]],

       [[1.08087763]],

       [[0.75812523]]]), 'transmat': array([[5.06168776e-01, 3.32723071e-02, 2.16891046e-03, 4.58390007e-01],
       [3.42059499e-03, 5.51261257e-03, 7.43052953e-01, 2.48013839e-01],
       [4.86019818e-01, 9.15100049e-02, 1.60398469e-08, 4.22470161e-01],
       [5.22919535e-01, 2.49321810e-02, 4.47190677e-01, 4.95760711e-03]]), 'startprob': array([9.99959817e-01, 3.27332414e-09, 2.34974999e-28, 4.01793630e-05])}"
4,6,-1265.373371203456,2576.746742406912,2688.6382413002416,"{'means': array([[-0.23626775],
       [ 0.85508387],
       [-1.00472788],
       [ 1.03741166]]), 'covars': array([[[0.18320687]],

       [[0.07942149]],

       [[0.09334873]],

       [[0.86687742]]]), 'transmat': array([[4.56718647e-01, 9.55645919e-02, 2.43557054e-01, 2.04159708e-01],
       [4.87767738e-01, 1.41041299e-06, 1.08336695e-01, 4.03894156e-01],
       [2.95490307e-01, 1.20751352e-01, 3.30591708e-01, 2.53166632e-01],
       [3.12058059e-01, 2.27833258e-03, 2.80565281e-01, 4.05098327e-01]]), 'startprob': array([1.00000000e+000, 4.62699060e-263, 1.72642078e-102, 8.90427743e-072])}"
4,7,-1262.5513714000795,2571.102742800159,2682.9942416934887,"{'means': array([[-0.33676907],
       [ 1.24348086],
       [-1.02204799],
       [ 0.50983926]]), 'covars': array([[[0.1503526 ]],

       [[0.90227825]],

       [[0.08908531]],

       [[0.45434249]]]), 'transmat': array([[0.26979442, 0.00990157, 0.29527079, 0.42503322],
       [0.06849141, 0.06467052, 0.39551519, 0.47132289],
       [0.23593986, 0.20270252, 0.30707121, 0.25428641],
       [0.50406384, 0.41099079, 0.08209959, 0.00284579]]), 'startprob': array([1.00000000e+000, 5.32892746e-150, 7.40278733e-233, 3.15792194e-136])}"
4,8,-1262.3983901925615,2570.796780385123,2682.6882792784527,"{'means': array([[-0.99828819],
       [ 1.32411432],
       [-0.28648431],
       [ 0.56958268]]), 'covars': array([[[0.09352146]],

       [[0.89298933]],

       [[0.1299415 ]],

       [[0.44336147]]]), 'transmat': array([[3.36760538e-01, 1.66944012e-01, 2.24421237e-01, 2.71874214e-01],
       [4.04559454e-01, 5.59088059e-02, 5.72153753e-02, 4.82316365e-01],
       [3.12783816e-01, 1.49143588e-05, 2.56187425e-01, 4.31013845e-01],
       [1.56014158e-01, 3.48134418e-01, 4.49822815e-01, 4.60286092e-02]]), 'startprob': array([3.40837491e-296, 5.26389939e-308, 1.00000000e+000, 8.32503480e-146])}"
4,9,-1264.3818860111176,2574.763772022235,2686.655270915565,"{'means': array([[-0.12678763],
       [ 0.7449975 ],
       [-0.90169849],
       [-0.17817011]]), 'covars': array([[[0.04986277]],

       [[0.86581583]],

       [[0.11414542]],

       [[0.37075724]]]), 'transmat': array([[0.00597749, 0.39568775, 0.3697479 , 0.22858687],
       [0.05116535, 0.5153541 , 0.32065083, 0.11282971],
       [0.05961655, 0.50346926, 0.43451392, 0.00240026],
       [0.9203375 , 0.00638059, 0.02868495, 0.04459696]]), 'startprob': array([1.00000000e+000, 2.62539117e-161, 2.17974509e-175, 8.69812972e-234])}"
5,0,-1258.2237352345678,2584.4474704691356,2749.8522949201447,"{'means': array([[-0.20485342],
       [ 0.59318752],
       [ 1.20414664],
       [-0.95718915],
       [-0.6607497 ]]), 'covars': array([[[0.08179615]],

       [[0.38972766]],

       [[0.95049798]],

       [[0.09751996]],

       [[0.22022842]]]), 'transmat': array([[1.03984522e-11, 5.02890339e-01, 2.01971350e-02, 3.08848649e-01,
        1.68063876e-01],
       [3.05361520e-01, 1.10062134e-02, 3.60028205e-01, 1.78896563e-01,
        1.44707500e-01],
       [1.67708906e-10, 4.56132478e-01, 1.11175951e-01, 3.08521300e-01,
        1.24170271e-01],
       [3.25562222e-04, 2.86915205e-01, 2.38295997e-01, 4.36750072e-01,
        3.77131640e-02],
       [9.12821682e-01, 3.12459998e-02, 5.25263669e-07, 1.19142359e-07,
        5.59316737e-02]]), 'startprob': array([1.00000000e+000, 1.51724320e-161, 1.46352888e-248, 0.00000000e+000,
       2.52141415e-207])}"
5,1,-1262.847515725917,2593.695031451834,2759.099855902843,"{'means': array([[-1.0289483 ],
       [ 0.62185459],
       [ 0.73077106],
       [-0.33264346],
       [ 2.02553541]]), 'covars': array([[[0.08800892]],

       [[0.38460635]],

       [[0.52154595]],

       [[0.15890489]],

       [[0.56086155]]]), 'transmat': array([[3.03292761e-01, 1.23938605e-01, 2.35497048e-01, 2.71268902e-01,
        6.60026837e-02],
       [4.36725863e-01, 4.74346981e-03, 2.54115960e-01, 9.10542904e-07,
        3.04413796e-01],
       [4.35816701e-12, 2.36941666e-01, 8.29326060e-02, 6.80125693e-01,
        3.53590044e-08],
       [2.59709992e-01, 1.91234438e-01, 2.03757742e-01, 3.45297828e-01,
        5.03594598e-15],
       [4.53302076e-01, 1.27179961e-03, 5.14525661e-01, 1.64789397e-02,
        1.44215240e-02]]), 'startprob': array([0.00000000e+000, 2.51692553e-207, 6.12954417e-167, 1.00000000e+000,
       0.00000000e+000])}"
5,2,-1263.2105065876153,2594.4210131752307,2759.8258376262397,"{'means': array([[ 0.39391895],
       [-0.19426767],
       [-0.9473242 ],
       [ 1.25151926],
       [-0.36055873]]), 'covars': array([[[0.54502472]],

       [[0.03618594]],

       [[0.09926786]],

       [[0.90121604]],

       [[0.3097352 ]]]), 'transmat': array([[6.77808429e-04, 1.21033128e-01, 2.49190410e-01, 2.62189202e-01,
        3.66909452e-01],
       [3.23337265e-01, 1.21749766e-03, 6.72231630e-01, 3.09054988e-03,
        1.23058036e-04],
       [3.12001074e-02, 7.37134734e-02, 3.61517172e-01, 2.47417547e-01,
        2.86151700e-01],
       [5.42987079e-01, 9.11847473e-04, 3.04051909e-01, 1.52049009e-01,
        1.55311326e-07],
       [9.73063875e-01, 7.43347730e-04, 2.60953508e-02, 9.37542908e-05,
        3.67246928e-06]]), 'startprob': array([3.85389678e-086, 1.00000000e+000, 2.67433074e-140, 1.00041624e-168,
       6.37686590e-024])}"
5,3,-1265.2865696362192,2598.5731392724383,2763.9779637234474,"{'means': array([[ 0.14177796],
       [-0.914929  ],
       [ 1.26550942],
       [-0.55172143],
       [ 0.71507427]]), 'covars': array([[[0.20494365]],

       [[0.11281666]],

       [[0.88358972]],

       [[0.24320237]],

       [[0.7500343 ]]]), 'transmat': array([[1.58033053e-04, 8.73069730e-02, 4.20395506e-01, 4.92028487e-01,
        1.11000834e-04],
       [1.50756008e-04, 4.42381987e-01, 1.41320392e-01, 1.37455517e-02,
        4.02401313e-01],
       [2.62416750e-01, 5.41544419e-01, 1.65787498e-01, 5.24877540e-05,
        3.01988459e-02],
       [4.73103628e-01, 2.17697950e-01, 3.85177154e-11, 2.75178109e-01,
        3.40203130e-02],
       [1.00042919e-01, 1.34921529e-02, 3.23598133e-05, 3.51587823e-01,
        5.34844745e-01]]), 'startprob': array([1.00000000e+000, 7.82197173e-138, 6.35302349e-241, 9.64365875e-091,
       1.37526094e-185])}"
5,4,-1256.523887209179,2581.047774418358,2746.452598869367,"{'means': array([[-0.21983209],
       [-1.00241648],
       [ 1.41539556],
       [ 0.6651563 ],
       [-0.28959898]]), 'covars': array([[[0.00567556]],

       [[0.09342825]],

       [[0.8080252 ]],

       [[0.34370362]],

       [[0.16314363]]]), 'transmat': array([[0.00000000e+00, 5.19027141e-01, 4.80972859e-01, 2.51912608e-99,
        6.45837103e-96],
       [2.60711653e-02, 3.41187701e-01, 1.61512174e-01, 2.46105087e-01,
        2.25123872e-01],
       [1.09321684e-50, 3.77611011e-01, 1.02572601e-01, 3.40056066e-01,
        1.79760322e-01],
       [1.38622122e-72, 1.48884145e-01, 3.33596150e-01, 5.57644560e-02,
        4.61755249e-01],
       [1.16040203e-36, 2.67607415e-01, 2.21782375e-02, 3.31759605e-01,
        3.78454742e-01]]), 'startprob': array([1., 0., 0., 0., 0.])}"
5,5,-1259.5243465126118,2587.0486930252237,2752.4535174762327,"{'means': array([[ 0.79601787],
       [ 0.72483792],
       [ 0.99779814],
       [-0.92921584],
       [-0.12018154]]), 'covars': array([[[0.02041001]],

       [[0.04061347]],

       [[0.82886236]],

       [[0.11011962]],

       [[0.11804923]]]), 'transmat': array([[3.10891151e-24, 1.40169016e-01, 6.25485667e-01, 9.24639580e-02,
        1.41881359e-01],
       [9.99999895e-01, 6.26931104e-17, 9.55753616e-16, 1.04541729e-07,
        3.07483636e-10],
       [3.18250863e-15, 2.08986891e-14, 3.45031643e-01, 3.65464326e-01,
        2.89504031e-01],
       [5.95661568e-02, 5.69939687e-24, 3.26892248e-01, 4.00792108e-01,
        2.12749487e-01],
       [5.36114798e-02, 5.83637767e-16, 2.59615266e-01, 3.23683301e-01,
        3.63089953e-01]]), 'startprob': array([0.00000000e+000, 0.00000000e+000, 2.31080747e-155, 4.55895704e-151,
       1.00000000e+000])}"
5,6,-1258.7792803336592,2585.5585606673185,2750.9633851183276,"{'means': array([[ 0.93471543],
       [-0.06926397],
       [ 0.74443591],
       [-0.17050533],
       [-0.85594431]]), 'covars': array([[[1.06771634]],

       [[0.04077691]],

       [[0.671978  ]],

       [[0.38195546]],

       [[0.13300354]]]), 'transmat': array([[2.96138044e-02, 1.12971480e-01, 4.65086334e-01, 1.77241227e-03,
        3.90555969e-01],
       [6.31344664e-06, 1.13054876e-05, 3.25975707e-01, 2.55756537e-01,
        4.18250137e-01],
       [4.67774911e-01, 2.52108844e-02, 7.23290675e-05, 1.70589223e-01,
        3.36352653e-01],
       [4.16772722e-02, 9.32254898e-01, 4.09401791e-03, 4.59075031e-04,
        2.15147369e-02],
       [1.78214423e-02, 1.48738145e-05, 4.75048351e-01, 2.52000271e-02,
        4.81915305e-01]]), 'startprob': array([3.34873695e-095, 1.00000000e+000, 9.30746451e-071, 2.06540279e-106,
       4.67280736e-080])}"
5,7,-1267.4931239750338,2602.9862479500675,2768.3910724010766,"{'means': array([[-0.53251609],
       [ 0.98055144],
       [ 0.83797479],
       [-0.27696442],
       [-1.0280391 ]]), 'covars': array([[[0.2442345 ]],

       [[1.1108026 ]],

       [[0.47156575]],

       [[0.36302232]],

       [[0.07152872]]]), 'transmat': array([[5.82523831e-01, 6.79701012e-05, 3.21404687e-01, 3.23672405e-03,
        9.27667881e-02],
       [5.14750692e-01, 2.79114774e-03, 3.85556149e-01, 3.00012161e-04,
        9.66019993e-02],
       [2.50094964e-01, 5.19001895e-01, 9.59572011e-06, 1.13979610e-01,
        1.16913936e-01],
       [1.41171607e-05, 1.04833863e-04, 1.76104910e-01, 8.23776039e-01,
        9.99421924e-08],
       [2.39646710e-04, 6.06745423e-01, 8.70924941e-10, 4.36275348e-03,
        3.88652176e-01]]), 'startprob': array([1.00000000e+000, 4.82600028e-095, 1.02679573e-081, 1.60617028e-050,
       7.66859333e-165])}"
5,8,-1254.7016371929217,2577.4032743858434,2742.8080988368524,"{'means': array([[ 0.55963816],
       [-0.87588819],
       [ 2.70569357],
       [-0.14486815],
       [ 0.60767083]]), 'covars': array([[[0.18113318]],

       [[0.12749724]],

       [[0.26389066]],

       [[0.06281636]],

       [[0.70158331]]]), 'transmat': array([[9.83700958e-08, 1.38600031e-05, 3.43343349e-01, 6.56642639e-01,
        5.38912154e-08],
       [1.90627444e-02, 4.26243957e-01, 1.23601094e-02, 5.51911720e-02,
        4.87142018e-01],
       [5.02995445e-02, 4.41713458e-01, 6.59616822e-02, 6.14043185e-02,
        3.80620997e-01],
       [3.04095795e-01, 4.29989095e-01, 3.22503273e-13, 2.65855621e-01,
        5.94896825e-05],
       [8.06548581e-04, 3.60653037e-01, 6.94466624e-08, 7.45458668e-02,
        5.63994478e-01]]), 'startprob': array([2.25973293e-067, 3.31483514e-043, 3.38351423e-300, 1.00000000e+000,
       1.92178111e-039])}"
5,9,-1259.015600669401,2586.031201338802,2751.436025789811,"{'means': array([[ 0.46571019],
       [-0.90776393],
       [-0.96927826],
       [ 1.01266036],
       [-0.19733541]]), 'covars': array([[[0.52793993]],

       [[0.10534267]],

       [[0.10402014]],

       [[0.97286855]],

       [[0.07238604]]]), 'transmat': array([[4.37708537e-02, 1.46187530e-01, 2.54835618e-04, 4.18785259e-01,
        3.91001522e-01],
       [1.58272437e-03, 4.58393688e-01, 1.68903927e-02, 4.45160141e-01,
        7.79730533e-02],
       [5.28583335e-01, 2.91836205e-01, 1.03293363e-05, 1.36104577e-03,
        1.78209085e-01],
       [3.97054665e-01, 6.28553827e-02, 3.87762754e-01, 1.52326867e-01,
        3.31668070e-07],
       [4.58831311e-01, 4.99128376e-02, 3.28833473e-01, 8.16378707e-12,
        1.62422379e-01]]), 'startprob': array([3.33184005e-183, 1.41731813e-285, 0.00000000e+000, 0.00000000e+000,
       1.00000000e+000])}"
6,0,-1257.8671467894883,2609.7342935789766,2838.3821391436068,"{'means': array([[ 0.53243646],
       [-0.38862905],
       [ 1.04434043],
       [ 1.10357377],
       [-0.51098865],
       [-1.12462812]]), 'covars': array([[[0.49436364]],

       [[0.23530381]],

       [[1.00813736]],

       [[0.94848325]],

       [[0.14919258]],

       [[0.06716801]]]), 'transmat': array([[1.26490733e-06, 1.04111075e-01, 9.45870750e-04, 5.75326727e-01,
        3.17061077e-01, 2.55398504e-03],
       [1.94096850e-07, 4.42026726e-01, 4.70464835e-06, 8.90151635e-15,
        1.43039381e-01, 4.14928995e-01],
       [3.15140240e-01, 9.95961021e-06, 9.98770450e-13, 7.17579178e-06,
        5.03563204e-01, 1.81279420e-01],
       [4.13488437e-01, 2.53803350e-01, 4.57371919e-02, 1.42655505e-09,
        1.94465718e-14, 2.86971019e-01],
       [6.18455163e-01, 1.09313385e-01, 3.52695892e-08, 2.27579947e-10,
        2.72231416e-01, 9.25962857e-10],
       [1.92096848e-01, 4.45176889e-05, 3.48245886e-01, 1.82087686e-03,
        2.06874731e-01, 2.50917141e-01]]), 'startprob': array([7.07457678e-057, 3.68160010e-001, 1.00586776e-137, 5.07976840e-148,
       6.31839990e-001, 1.17292329e-276])}"
6,1,-1248.3208686927555,2590.641737385511,2819.2895829501413,"{'means': array([[-0.1990674 ],
       [ 2.52976261],
       [-0.93782326],
       [ 0.80525912],
       [ 0.7889098 ],
       [-0.15474459]]), 'covars': array([[[0.05408177]],

       [[0.36303199]],

       [[0.10548688]],

       [[0.55243651]],

       [[0.41180682]],

       [[0.27645013]]]), 'transmat': array([[3.70033519e-03, 4.40891502e-04, 4.09448250e-01, 1.25127927e-06,
        3.89402988e-01, 1.97006284e-01],
       [3.64322883e-13, 5.84485409e-02, 3.10973070e-01, 3.52390497e-01,
        1.20809796e-05, 2.78175811e-01],
       [1.30255947e-01, 2.35358164e-02, 4.23202392e-01, 2.63854116e-01,
        1.59127790e-01, 2.39390381e-05],
       [6.27039656e-02, 8.51828797e-18, 3.62539239e-01, 5.72213337e-01,
        2.08184868e-08, 2.54343754e-03],
       [1.42630026e-02, 1.49451923e-01, 2.28412076e-01, 9.18117938e-06,
        2.12507288e-07, 6.07863605e-01],
       [5.23031440e-01, 5.14219674e-12, 1.36586798e-01, 1.23223174e-07,
        1.96839196e-01, 1.43542443e-01]]), 'startprob': array([1.00000000e+000, 0.00000000e+000, 6.06383691e-276, 1.92581353e-236,
       1.89735329e-191, 7.18957267e-119])}"
6,2,-1251.9154468370368,2597.8308936740736,2826.4787392387043,"{'means': array([[ 1.16337664],
       [-0.05737161],
       [-1.0318428 ],
       [ 0.71232856],
       [-0.43473666],
       [ 2.53325327]]), 'covars': array([[[0.33171004]],

       [[0.32768359]],

       [[0.08999725]],

       [[0.19236278]],

       [[0.21391707]],

       [[0.33129119]]]), 'transmat': array([[2.15152311e-01, 4.83986546e-01, 3.00057507e-01, 6.89299533e-08,
        8.03567043e-04, 2.19539232e-15],
       [3.82914767e-01, 2.95607393e-03, 3.28080261e-04, 2.86649669e-04,
        6.13514219e-01, 2.10073996e-07],
       [2.72897970e-01, 3.64212929e-01, 3.16291596e-01, 1.29415910e-03,
        1.34902310e-05, 4.52898551e-02],
       [1.26196854e-07, 2.57717331e-05, 8.10115192e-10, 2.28020005e-12,
        5.89101518e-01, 4.10872584e-01],
       [3.33426988e-19, 2.63810302e-01, 2.68979019e-01, 1.65272683e-01,
        3.01937997e-01, 4.98977252e-24],
       [2.07858139e-01, 6.05686264e-08, 2.20139422e-02, 7.06612673e-02,
        6.16128866e-01, 8.33377243e-02]]), 'startprob': array([0.00000000e+000, 1.35528170e-017, 4.00147573e-238, 1.16187225e-097,
       1.00000000e+000, 8.89376272e-315])}"
6,3,-1260.8400703530294,2615.680140706059,2844.3279862706895,"{'means': array([[-0.22797225],
       [-0.44146578],
       [-0.23401448],
       [ 0.81927811],
       [-0.99854751],
       [ 1.07399583]]), 'covars': array([[[0.34476731]],

       [[0.2245602 ]],

       [[0.17052531]],

       [[0.39468123]],

       [[0.08697665]],

       [[1.00406025]]]), 'transmat': array([[8.28761355e-01, 4.34070721e-03, 1.12371997e-04, 4.82963093e-06,
        7.77875090e-07, 1.66779958e-01],
       [2.87597022e-02, 1.93434671e-02, 5.00270927e-04, 5.76687148e-01,
        3.74709410e-01, 8.91345655e-10],
       [1.06497303e-07, 9.04400502e-01, 2.51102834e-08, 9.54607312e-02,
        5.60372434e-05, 8.25978825e-05],
       [1.25292853e-01, 2.65211826e-01, 3.56045539e-04, 4.18117688e-13,
        2.59927513e-01, 3.49211762e-01],
       [4.92040840e-05, 4.39798234e-01, 4.54102594e-08, 4.23975906e-05,
        2.32811302e-01, 3.27298817e-01],
       [1.05094209e-03, 8.69458104e-03, 3.04645552e-01, 2.38652187e-01,
        2.24019275e-01, 2.22937464e-01]]), 'startprob': array([6.72723420e-146, 1.00000000e+000, 3.45466775e-174, 4.45452936e-173,
       1.04689270e-241, 1.19496474e-176])}"
6,4,-1252.075821017038,2598.151642034076,2826.799487598706,"{'means': array([[-1.17162045],
       [ 1.09907778],
       [ 0.66538566],
       [ 1.76827706],
       [-0.74543464],
       [-0.06155553]]), 'covars': array([[[0.05478259]],

       [[1.08035276]],

       [[0.38149336]],

       [[0.04380435]],

       [[0.13951567]],

       [[0.07783736]]]), 'transmat': array([[2.14815179e-01, 5.51752243e-01, 1.37507105e-09, 1.15412860e-07,
        9.61232994e-08, 2.33432366e-01],
       [6.95595778e-02, 1.37831774e-01, 2.85389346e-01, 1.64076386e-02,
        3.56131891e-01, 1.34679773e-01],
       [3.04395179e-02, 4.54166714e-01, 2.23717414e-12, 8.64359836e-19,
        2.82179538e-01, 2.33214230e-01],
       [8.29605100e-01, 3.85167446e-34, 3.56560735e-27, 1.70394900e-01,
        3.23965711e-25, 1.14330431e-11],
       [2.31830108e-02, 4.17113765e-10, 4.26964057e-01, 1.94398524e-33,
        5.49402593e-01, 4.50338697e-04],
       [1.78566027e-01, 5.26354931e-04, 2.21288181e-01, 4.83995617e-02,
        2.18998284e-01, 3.32221592e-01]]), 'startprob': array([0.00000000e+000, 6.81773054e-130, 9.97073154e-052, 0.00000000e+000,
       5.52727019e-037, 1.00000000e+000])}"
6,5,-1245.5347724072806,2585.069544814561,2813.717390379192,"{'means': array([[-1.14829165],
       [ 0.79610205],
       [ 2.60567633],
       [-0.12457504],
       [-0.57929243],
       [ 0.39202594]]), 'covars': array([[[0.06477542]],

       [[0.51406806]],

       [[0.28910493]],

       [[0.04479349]],

       [[0.14432959]],

       [[0.13869916]]]), 'transmat': array([[1.83376244e-01, 4.26717759e-01, 4.81572852e-02, 1.64713692e-02,
        2.91826939e-01, 3.34504041e-02],
       [1.70600432e-01, 4.35538750e-01, 1.25673738e-02, 3.65229177e-18,
        3.31618120e-01, 4.96753231e-02],
       [7.42380491e-05, 3.59810449e-01, 6.12547275e-02, 6.35960271e-64,
        5.78860585e-01, 5.78019750e-17],
       [3.48671708e-01, 7.06986676e-39, 2.11397789e-50, 1.52991617e-01,
        1.01205253e-14, 4.98336674e-01],
       [1.10097335e-01, 3.75950578e-01, 5.02124691e-19, 3.36300887e-02,
        4.80321999e-01, 2.33598231e-10],
       [9.66933085e-06, 9.74060337e-14, 2.67025836e-01, 7.32964495e-01,
        7.14921306e-16, 8.59469010e-22]]), 'startprob': array([0.00000000e+000, 4.83146852e-287, 0.00000000e+000, 2.74683052e-034,
       1.00000000e+000, 2.91640472e-258])}"
6,6,-1259.8792092482513,2613.7584184965026,2842.406264061133,"{'means': array([[ 0.99812871],
       [-0.46495729],
       [ 1.68705704],
       [-0.99626264],
       [ 0.26991058],
       [ 2.40798368]]), 'covars': array([[[0.45531794]],

       [[0.23376921]],

       [[0.9061145 ]],

       [[0.09426415]],

       [[0.45963067]],

       [[0.21597131]]]), 'transmat': array([[2.39867209e-01, 7.19189366e-01, 3.63847930e-02, 4.55426910e-03,
        4.36255877e-06, 8.49453154e-10],
       [2.15938307e-01, 6.34089830e-01, 8.60553111e-06, 1.49817762e-01,
        1.45495253e-04, 2.65618572e-11],
       [9.17173523e-06, 6.10436046e-04, 2.44673518e-06, 9.99377925e-01,
        2.00279986e-08, 2.80284637e-15],
       [1.57922020e-01, 1.88592734e-04, 5.44845799e-02, 3.56311980e-01,
        4.18640975e-01, 1.24518533e-02],
       [1.20468741e-07, 2.06158909e-09, 7.50055549e-02, 1.58444771e-01,
        6.94795103e-01, 7.17544483e-02],
       [9.39055965e-01, 2.59205539e-11, 2.13804577e-02, 3.95635761e-02,
        1.44202854e-09, 2.07204448e-16]]), 'startprob': array([1.73469878e-46, 1.00000000e+00, 3.77375826e-58, 7.01782352e-53,
       2.09941030e-30, 0.00000000e+00])}"
6,7,-1250.8952664359213,2595.7905328718425,2824.4383784364727,"{'means': array([[-0.86244642],
       [ 0.79228402],
       [ 0.87073565],
       [-0.12737094],
       [ 0.0115794 ],
       [-0.68021557]]), 'covars': array([[[0.13382809]],

       [[0.33948273]],

       [[0.95844197]],

       [[0.3850889 ]],

       [[0.0133215 ]],

       [[0.18600947]]]), 'transmat': array([[6.32744656e-03, 5.20869757e-10, 3.73842407e-01, 1.96116474e-02,
        6.25603063e-05, 6.00155939e-01],
       [1.63126807e-08, 4.69401706e-12, 3.17597172e-01, 3.56305515e-01,
        2.00375418e-08, 3.26097277e-01],
       [4.32830093e-01, 6.25393739e-07, 5.19253417e-01, 5.38118016e-09,
        4.79155633e-02, 2.95616711e-07],
       [1.46325172e-03, 8.16388439e-02, 7.86025111e-17, 1.06976615e-01,
        8.09921289e-01, 2.70595037e-12],
       [5.93861790e-03, 2.31252860e-08, 3.21937699e-01, 2.41383543e-01,
        3.32520982e-19, 4.30740118e-01],
       [4.85610566e-01, 5.14387011e-01, 9.12785681e-15, 1.12312779e-17,
        2.42338439e-06, 3.08927404e-11]]), 'startprob': array([0.00000000e+000, 0.00000000e+000, 3.07883995e-269, 6.37569807e-260,
       1.78439757e-146, 1.00000000e+000])}"
6,8,-1253.307816681725,2600.61563336345,2829.26347892808,"{'means': array([[-1.17956055],
       [ 0.96838221],
       [-0.03027789],
       [ 0.91943656],
       [-0.64786754],
       [ 1.25115403]]), 'covars': array([[[0.05758531]],

       [[0.226404  ]],

       [[0.17546073]],

       [[0.78339306]],

       [[0.13727579]],

       [[0.9250041 ]]]), 'transmat': array([[1.51295319e-01, 6.77859309e-04, 3.31254953e-01, 6.20975728e-08,
        1.99968525e-01, 3.16803282e-01],
       [1.24402363e-02, 5.77611968e-02, 5.13253675e-01, 2.60342900e-02,
        2.87832510e-01, 1.02678091e-01],
       [1.66165102e-01, 7.36497090e-04, 5.36853949e-01, 2.07371932e-01,
        8.88724744e-02, 4.56107815e-08],
       [3.67116919e-01, 2.02615555e-03, 2.07623159e-05, 1.00953710e-09,
        4.23027814e-03, 6.26605884e-01],
       [8.58907197e-02, 3.09227330e-01, 3.75275571e-03, 6.66935514e-02,
        5.34435637e-01, 6.29080545e-09],
       [2.31639104e-13, 1.19455232e-15, 1.12955193e-01, 3.55809718e-01,
        5.31217700e-01, 1.73885401e-05]]), 'startprob': array([0.00000000e+000, 6.79252780e-188, 1.81439485e-033, 8.78343545e-083,
       1.00000000e+000, 2.34559141e-158])}"
6,9,-1273.2176033190735,2640.435206638147,2869.0830522027773,"{'means': array([[-0.8450653 ],
       [ 0.48068329],
       [ 1.43066202],
       [-0.48147439],
       [ 0.91319862],
       [-0.37829939]]), 'covars': array([[[0.15138718]],

       [[0.45921953]],

       [[1.04193868]],

       [[0.24775914]],

       [[0.59885866]],

       [[0.32934408]]]), 'transmat': array([[1.56320354e-01, 1.25144061e-02, 7.73857204e-02, 1.96996984e-01,
        2.69757171e-01, 2.87025365e-01],
       [3.77686184e-01, 2.28045855e-02, 1.99670763e-01, 2.13136412e-01,
        1.86701981e-01, 7.45057555e-08],
       [2.38667190e-01, 2.71906377e-02, 8.90052645e-02, 3.27368971e-01,
        3.17660366e-01, 1.07571256e-04],
       [9.94424413e-01, 5.18943343e-05, 2.92634786e-04, 3.13172259e-03,
        5.58742653e-06, 2.09374797e-03],
       [1.01629994e-04, 2.31071649e-01, 1.64427434e-01, 2.56791317e-02,
        4.83867905e-07, 5.78719671e-01],
       [1.50519688e-02, 9.78599907e-01, 2.78998188e-05, 7.84851416e-14,
        1.22408597e-11, 6.32022427e-03]]), 'startprob': array([1.68843088e-044, 3.37039162e-047, 1.75927986e-109, 6.35525855e-001,
       1.07172580e-093, 3.64474145e-001])}"
7,0,-1253.753756518157,2631.507513036314,2933.128075270507,"{'means': array([[ 1.9611672 ],
       [-1.03972447],
       [-0.29844362],
       [-0.13477964],
       [ 1.0758067 ],
       [ 0.53038872],
       [-0.93937728]]), 'covars': array([[[0.55964534]],

       [[0.09108002]],

       [[0.20396147]],

       [[0.25497386]],

       [[0.24712429]],

       [[0.19084302]],

       [[0.09717911]]]), 'transmat': array([[1.05280184e-01, 1.38462809e-01, 4.05829014e-04, 2.17969838e-01,
        2.65810692e-01, 5.74396922e-02, 2.14630956e-01],
       [1.29058083e-01, 7.47903642e-03, 5.20401436e-01, 9.30171149e-04,
        3.42131261e-01, 2.60603911e-11, 1.27719243e-08],
       [7.91080684e-12, 1.71215910e-01, 3.68980240e-03, 4.38233951e-01,
        2.44014944e-01, 1.42828805e-01, 1.65870241e-05],
       [2.56872521e-07, 8.08218332e-02, 6.66549250e-01, 1.07353151e-03,
        2.32375732e-07, 5.74182461e-10, 2.51554895e-01],
       [1.06569632e-20, 2.27976233e-01, 3.92971555e-01, 2.23172261e-01,
        7.41996961e-02, 8.16779528e-02, 2.30236973e-06],
       [7.19764535e-01, 4.13774168e-07, 4.57779542e-02, 2.91123249e-02,
        2.05344772e-01, 1.99332518e-17, 1.27554124e-11],
       [8.15447255e-11, 4.83277603e-01, 5.07779357e-04, 2.16142821e-05,
        7.65392807e-04, 1.05367657e-01, 4.10059953e-01]]), 'startprob': array([0.00000000e+000, 3.98594877e-243, 1.00000000e+000, 1.51778667e-064,
       1.09948027e-212, 3.41839851e-111, 2.71719797e-046])}"
7,1,-1244.2107156697652,2612.4214313395305,2914.0419935737236,"{'means': array([[-1.06210922],
       [ 0.77610084],
       [-0.29064588],
       [ 1.27906308],
       [ 1.3808425 ],
       [ 1.82976428],
       [-0.32431768]]), 'covars': array([[[0.07725751]],

       [[0.06206294]],

       [[0.22451379]],

       [[1.163179  ]],

       [[0.09937358]],

       [[0.2209372 ]],

       [[0.25807893]]]), 'transmat': array([[2.66812264e-01, 1.29999160e-01, 3.79431535e-01, 1.35817294e-01,
        5.66509529e-02, 3.06463365e-02, 6.42458174e-04],
       [1.04853916e-09, 1.09512871e-16, 2.34670025e-01, 5.53929979e-01,
        7.73673826e-15, 8.56308780e-24, 2.11399995e-01],
       [2.95835464e-01, 1.80289013e-01, 5.90439758e-02, 1.03406531e-01,
        1.24859270e-01, 2.27686942e-17, 2.36565746e-01],
       [2.46289279e-01, 1.75782686e-01, 8.86178777e-12, 1.63654349e-14,
        2.75052230e-23, 1.45994259e-01, 4.31933776e-01],
       [3.39487479e-01, 4.62558419e-07, 4.77329376e-01, 2.21190006e-14,
        8.51264884e-19, 2.13582319e-74, 1.83182683e-01],
       [8.13037070e-17, 1.09313966e-19, 3.65753503e-01, 1.44243539e-26,
        6.34246497e-01, 5.76266743e-55, 1.15471298e-11],
       [3.02528435e-09, 1.04695051e-07, 7.86031847e-01, 1.79916160e-15,
        1.40925573e-12, 1.07967475e-02, 2.03171298e-01]]), 'startprob': array([0.00000000e+000, 0.00000000e+000, 1.00000000e+000, 5.02429095e-298,
       0.00000000e+000, 0.00000000e+000, 2.79917770e-201])}"
7,2,-1242.1056576156257,2608.2113152312513,2909.8318774654444,"{'means': array([[ 0.88618049],
       [-0.937167  ],
       [ 2.63814439],
       [-0.29828533],
       [ 0.63463676],
       [ 0.69887001],
       [-0.15664575]]), 'covars': array([[[0.53141845]],

       [[0.10818709]],

       [[0.308008  ]],

       [[0.22689565]],

       [[0.46954882]],

       [[0.150749  ]],

       [[0.04101446]]]), 'transmat': array([[5.51749079e-01, 3.64271698e-01, 7.88647279e-43, 1.93227082e-07,
        2.36484857e-13, 2.40490455e-30, 8.39790298e-02],
       [2.63091357e-01, 4.32246573e-01, 2.02471263e-02, 3.11623875e-03,
        1.87073524e-01, 1.17768977e-05, 9.42134039e-02],
       [2.39666143e-01, 2.36619670e-01, 7.74774061e-02, 4.39589415e-01,
        6.64736504e-03, 1.33161621e-56, 2.55316800e-83],
       [1.11258486e-14, 1.70368683e-01, 1.14208575e-09, 3.31297541e-01,
        6.10632722e-02, 1.40390596e-01, 2.96879907e-01],
       [6.90201758e-17, 1.48089868e-01, 1.64203091e-27, 8.51898601e-01,
        1.14570897e-05, 7.31244096e-08, 5.95506701e-10],
       [2.52252424e-18, 1.45111876e-15, 7.31622324e-01, 3.24910029e-16,
        2.68377676e-01, 1.20190725e-39, 1.79700750e-19],
       [1.70824275e-01, 4.58524604e-01, 1.91505530e-52, 5.96001949e-05,
        3.70371610e-01, 2.15948595e-04, 3.96321041e-06]]), 'startprob': array([0.00000000e+000, 0.00000000e+000, 0.00000000e+000, 1.14332448e-204,
       7.59359326e-231, 0.00000000e+000, 1.00000000e+000])}"
7,3,-1244.1473610792323,2612.2947221584645,2913.9152843926577,"{'means': array([[-0.93299906],
       [ 1.12233628],
       [ 1.25519926],
       [-0.22167578],
       [ 0.08690092],
       [ 0.60997755],
       [ 2.60349701]]), 'covars': array([[[0.11135065]],

       [[0.34611202]],

       [[0.5105762 ]],

       [[0.10100931]],

       [[0.22069326]],

       [[0.18491132]],

       [[0.30145035]]]), 'transmat': array([[3.92341346e-01, 2.41049385e-01, 3.07387493e-05, 1.08722495e-01,
        2.09295472e-01, 2.42046584e-02, 2.43559039e-02],
       [4.22825547e-01, 1.96993495e-01, 6.87439961e-11, 1.21891575e-06,
        3.80179739e-01, 2.63550419e-14, 1.36392511e-36],
       [4.07091603e-09, 8.49134735e-02, 2.75506388e-01, 6.39580134e-01,
        2.63847475e-39, 3.73067131e-33, 1.78648537e-71],
       [5.10636381e-01, 4.82327081e-07, 1.81581594e-14, 1.49128741e-01,
        8.12258235e-02, 2.59008572e-01, 3.80435827e-54],
       [1.52781123e-01, 4.49773554e-01, 1.02375580e-09, 3.92512363e-01,
        4.93295904e-03, 3.84283772e-16, 3.98636435e-34],
       [3.83607920e-02, 3.28521865e-10, 1.00251965e-07, 6.06561955e-01,
        9.01468564e-06, 5.19789954e-18, 3.55068137e-01],
       [3.92058188e-01, 3.65949239e-28, 4.98864053e-01, 1.09077759e-01,
        5.33932150e-11, 4.99290593e-17, 6.67001751e-60]]), 'startprob': array([0.00000000e+000, 2.22209401e-314, 4.11474478e-275, 1.00000000e+000,
       3.90720946e-080, 2.37385465e-312, 0.00000000e+000])}"
7,4,-1250.886921044271,2625.773842088542,2927.3944043227357,"{'means': array([[-0.10027119],
       [-0.84560777],
       [ 0.93626468],
       [-0.89969908],
       [-0.40966418],
       [ 1.21456306],
       [-0.00753913]]), 'covars': array([[[0.00885248]],

       [[0.1286556 ]],

       [[0.30593853]],

       [[0.10252742]],

       [[0.3569487 ]],

       [[0.96662888]],

       [[0.27667498]]]), 'transmat': array([[1.34144137e-08, 7.28103473e-12, 5.64939011e-30, 2.08965943e-01,
        5.81109827e-16, 1.01237067e-20, 7.91034043e-01],
       [1.34846420e-14, 9.25016122e-19, 3.83054632e-01, 6.14074478e-01,
        2.02170398e-16, 2.87089016e-03, 4.05882304e-23],
       [5.19090120e-22, 3.51596277e-11, 6.44204218e-17, 2.75661715e-01,
        1.40079690e-23, 1.80798384e-01, 5.43539901e-01],
       [3.32146482e-13, 9.30925179e-02, 1.17889326e-01, 4.47562386e-15,
        6.52270094e-01, 1.36748062e-01, 9.90737101e-15],
       [1.45600146e-01, 3.73777500e-01, 4.12219030e-01, 9.37877827e-07,
        1.34243804e-12, 6.84023841e-02, 2.70223466e-09],
       [7.58187457e-02, 1.97764333e-01, 1.43065914e-08, 1.95746485e-01,
        1.04728658e-06, 4.73845679e-01, 5.68236962e-02],
       [2.57406546e-08, 1.41373363e-19, 6.69887664e-11, 4.85722997e-20,
        8.18277336e-01, 1.81722639e-01, 2.65333420e-12]]), 'startprob': array([2.22580995e-084, 1.00000000e+000, 0.00000000e+000, 0.00000000e+000,
       6.33240922e-028, 5.64457374e-184, 1.32883490e-113])}"
7,5,-1233.1340330403018,2590.2680660806036,2891.8886283147967,"{'means': array([[-1.37669903],
       [ 0.31599095],
       [ 1.36040885],
       [-0.25306144],
       [ 0.65174218],
       [-0.91198265],
       [-0.78958912]]), 'covars': array([[[0.01623086]],

       [[0.53072528]],

       [[0.87887463]],

       [[0.06727423]],

       [[0.51365053]],

       [[0.02970178]],

       [[0.04539129]]]), 'transmat': array([[9.10748877e-02, 2.86521673e-10, 1.82848699e-08, 2.16674763e-01,
        5.29230540e-01, 1.06535995e-01, 5.64837957e-02],
       [1.07428102e-01, 9.76461266e-20, 3.78656457e-01, 4.88737220e-01,
        2.09048415e-06, 2.51698652e-02, 6.26599337e-06],
       [2.89674888e-04, 5.41262811e-01, 7.75966634e-02, 6.29645055e-02,
        1.43591950e-02, 2.19428189e-01, 8.40989612e-02],
       [6.10805592e-02, 5.54386981e-01, 7.40438572e-03, 7.82665968e-02,
        1.57633556e-04, 1.28860036e-01, 1.69843807e-01],
       [1.06529614e-01, 1.22444162e-04, 6.50919331e-07, 3.35903672e-10,
        5.51257546e-01, 1.43589244e-01, 1.98500500e-01],
       [1.21780344e-01, 7.20587880e-11, 2.87124292e-01, 1.72500593e-03,
        1.37568693e-01, 3.82522123e-01, 6.92795417e-02],
       [3.71337883e-18, 5.39829559e-01, 3.85534749e-10, 4.60145023e-01,
        8.39867125e-06, 1.01640281e-07, 1.69180160e-05]]), 'startprob': array([0.00000000e+000, 5.90700157e-133, 4.46538013e-317, 1.00000000e+000,
       8.64948613e-167, 0.00000000e+000, 8.82638480e-269])}"
7,6,-1234.830853300909,2593.661706601818,2895.282268836011,"{'means': array([[-0.85627479],
       [ 0.55253671],
       [-0.15325323],
       [ 1.6031432 ],
       [ 2.59922399],
       [ 0.86476072],
       [ 0.24104558]]), 'covars': array([[[0.13290087]],

       [[0.65598576]],

       [[0.03712761]],

       [[0.08373657]],

       [[0.2904711 ]],

       [[0.01585816]],

       [[0.067779  ]]]), 'transmat': array([[4.35380843e-01, 4.10652834e-01, 7.11461247e-02, 3.22951593e-02,
        1.87024136e-02, 3.17826732e-02, 3.99517025e-05],
       [4.57501536e-01, 5.42338872e-01, 1.34813757e-06, 1.40445878e-26,
        6.56064810e-16, 1.56810572e-04, 1.43349518e-06],
       [3.43384666e-01, 9.46753325e-02, 1.46117263e-01, 6.59875475e-19,
        4.39806846e-44, 9.22582150e-02, 3.23564523e-01],
       [9.67783402e-06, 1.82468006e-09, 9.53169666e-09, 3.98719206e-64,
        4.36636291e-34, 6.44753403e-44, 9.99990311e-01],
       [3.40703499e-01, 5.85401012e-01, 1.14767248e-08, 1.66994028e-71,
        7.38954776e-02, 4.25934615e-26, 2.91942460e-24],
       [1.17249781e-09, 8.85317392e-05, 3.64677393e-01, 1.13612123e-01,
        4.72708520e-01, 1.75561489e-12, 4.89134308e-02],
       [5.42138595e-03, 1.51573839e-22, 7.59538800e-01, 2.96671407e-07,
        1.64011889e-01, 7.10272424e-02, 3.86444030e-07]]), 'startprob': array([2.54587060e-140, 1.47227136e-101, 1.00000000e+000, 0.00000000e+000,
       0.00000000e+000, 0.00000000e+000, 2.76483681e-216])}"
7,7,-1239.50650001341,2603.01300002682,2904.633562261013,"{'means': array([[-0.91468869],
       [ 0.68618512],
       [-0.38568555],
       [ 1.09063843],
       [-1.37561975],
       [ 0.12589833],
       [ 1.860872  ]]), 'covars': array([[[0.02857667]],

       [[0.31348142]],

       [[0.16649864]],

       [[0.26921298]],

       [[0.01595222]],

       [[0.56826141]],

       [[0.61891581]]]), 'transmat': array([[3.67652765e-01, 2.31082248e-01, 1.17762106e-01, 4.41347562e-02,
        1.09423893e-01, 1.52496045e-02, 1.14694628e-01],
       [8.19198046e-02, 4.90935278e-02, 7.04326166e-01, 1.99822774e-02,
        9.95294151e-09, 1.11319303e-04, 1.44566895e-01],
       [1.01173678e-01, 2.23007692e-01, 4.59668751e-01, 7.80093660e-04,
        5.87792515e-06, 2.15363906e-01, 1.77503867e-17],
       [1.84961128e-02, 2.70255902e-04, 2.70907310e-04, 7.83641853e-08,
        5.86260602e-02, 9.22335874e-01, 7.11305448e-07],
       [7.71869533e-02, 2.66044193e-01, 4.44526854e-01, 1.51276621e-01,
        6.04574617e-02, 5.07916855e-04, 7.45735934e-12],
       [1.15971191e-03, 2.66866031e-02, 9.00922491e-02, 2.22015614e-01,
        3.52273372e-01, 1.30620317e-04, 3.07641830e-01],
       [3.14806143e-01, 2.51214510e-01, 2.29481805e-01, 1.41779521e-01,
        8.11309987e-17, 5.17802503e-10, 6.27180199e-02]]), 'startprob': array([0.00000000e+000, 7.03416313e-077, 1.00000000e+000, 1.88828750e-243,
       0.00000000e+000, 4.13972814e-042, 5.37436701e-231])}"
7,8,-1244.3679152194566,2612.735830438913,2914.3563926731067,"{'means': array([[-0.83087655],
       [ 0.65694366],
       [ 1.6710245 ],
       [-0.02652659],
       [-0.76690176],
       [ 0.00417527],
       [ 1.40127485]]), 'covars': array([[[0.13404361]],

       [[0.08363336]],

       [[0.7233095 ]],

       [[0.01936248]],

       [[0.1861262 ]],

       [[0.34421198]],

       [[0.13933761]]]), 'transmat': array([[4.39480653e-01, 2.76698714e-02, 1.13903409e-01, 9.07113726e-02,
        3.28234683e-01, 1.05146978e-08, 4.19829104e-10],
       [4.59731448e-01, 1.21996235e-01, 3.50836755e-01, 1.27202708e-10,
        5.19044738e-10, 4.25776080e-02, 2.48579527e-02],
       [4.37829093e-01, 1.67591412e-01, 1.24479152e-01, 1.45255805e-08,
        1.19237403e-01, 4.79738960e-14, 1.50862926e-01],
       [4.26806109e-01, 3.09593034e-07, 2.28848370e-01, 5.70197154e-02,
        2.61598962e-02, 2.52239039e-01, 8.92656176e-03],
       [1.03573160e-01, 4.15870516e-01, 1.72943401e-20, 1.46935814e-14,
        6.51037359e-03, 1.79406976e-01, 2.94638974e-01],
       [1.02978790e-04, 6.17124095e-02, 6.11059348e-11, 2.07667459e-01,
        2.23334824e-01, 5.07182329e-01, 2.96595496e-18],
       [1.90929952e-09, 7.42037458e-14, 2.20809562e-28, 2.39405058e-01,
        2.48484041e-01, 4.49522750e-01, 6.25881483e-02]]), 'startprob': array([4.42552169e-121, 7.02390149e-274, 0.00000000e+000, 1.00000000e+000,
       9.48451938e-150, 1.55498274e-177, 0.00000000e+000])}"
7,9,-1248.1780445439401,2620.3560890878803,2921.976651322074,"{'means': array([[ 0.87686555],
       [ 1.24459928],
       [-0.31935125],
       [ 0.83030118],
       [ 1.15695094],
       [-0.93707363],
       [-0.06290571]]), 'covars': array([[[0.57659879]],

       [[0.50635969]],

       [[0.25515462]],

       [[0.02908449]],

       [[1.18633569]],

       [[0.10964779]],

       [[0.11253716]]]), 'transmat': array([[5.35685057e-08, 6.87174830e-02, 4.45555424e-01, 6.55520427e-25,
        4.79014181e-14, 4.84028735e-01, 1.69830401e-03],
       [9.89860737e-01, 6.70667514e-04, 9.46846760e-03, 3.69466300e-43,
        5.61665707e-15, 1.27982843e-07, 2.90566499e-10],
       [3.97668245e-01, 2.29285988e-05, 2.07986110e-10, 1.15066450e-01,
        5.20123502e-09, 4.22873085e-01, 6.43692864e-02],
       [3.93940783e-23, 2.00010653e-21, 8.68927116e-23, 2.61127975e-33,
        7.66978152e-01, 2.32995180e-01, 2.66685353e-05],
       [1.31816049e-03, 2.91973165e-01, 4.17886202e-20, 2.03408209e-12,
        1.49363528e-19, 2.87891838e-01, 4.18816837e-01],
       [5.70435692e-05, 4.36340443e-02, 4.48271909e-01, 6.04773011e-02,
        1.96017925e-01, 2.51344070e-01, 1.97706511e-04],
       [2.19495471e-06, 6.52963164e-10, 2.35440842e-01, 1.97573090e-02,
        1.20837714e-01, 1.13643725e-01, 5.10318215e-01]]), 'startprob': array([7.41928193e-047, 7.12194062e-211, 1.00000000e+000, 0.00000000e+000,
       4.70841999e-189, 4.50577850e-140, 4.66902532e-050])}"
8,0,-1249.0990166835668,2656.1980333671336,3040.5210078268315,"{'means': array([[-0.94553865],
       [ 1.85450987],
       [ 0.05687086],
       [ 0.89967143],
       [ 1.26614887],
       [-0.70836977],
       [-0.1652873 ],
       [-0.91299247]]), 'covars': array([[[0.01283145]],

       [[0.75880142]],

       [[0.37501827]],

       [[0.73139371]],

       [[0.17820273]],

       [[0.1990594 ]],

       [[0.0079998 ]],

       [[0.12004032]]]), 'transmat': array([[2.93733421e-001, 5.59691703e-102, 2.90164973e-001,
        3.54630137e-132, 5.17966207e-175, 3.80043696e-069,
        4.16101606e-001, 5.08395845e-039],
       [2.92845332e-033, 6.54917610e-008, 1.43300703e-006,
        5.85221177e-001, 2.27617708e-002, 8.54356335e-004,
        3.02296589e-054, 3.91161197e-001],
       [9.60516515e-034, 1.29795839e-001, 6.80453365e-001,
        1.67138460e-003, 9.14809290e-013, 1.09814615e-013,
        5.84047897e-010, 1.88079411e-001],
       [2.76317278e-042, 4.74037784e-013, 1.72101129e-012,
        3.42177222e-001, 1.08272314e-016, 6.57141509e-001,
        1.25234288e-038, 6.81269172e-004],
       [1.50875492e-052, 4.89070305e-002, 8.48825097e-001,
        1.44883069e-010, 4.67011020e-002, 4.15612553e-004,
        1.67412105e-104, 5.51511573e-002],
       [1.52363055e-045, 2.58640303e-015, 6.14674470e-005,
        3.43522673e-001, 1.52362216e-010, 9.34937770e-007,
        3.92606446e-002, 6.17154279e-001],
       [5.69910069e-001, 2.71849727e-063, 4.93659037e-135,
        4.30089931e-001, 5.78193596e-038, 8.63714589e-149,
        0.00000000e+000, 1.70140428e-128],
       [2.27720975e-023, 3.33982785e-002, 3.31066738e-001,
        2.66092787e-004, 2.39744046e-001, 3.95279448e-001,
        4.60432269e-017, 2.45396899e-004]]), 'startprob': array([0.00000000e+000, 0.00000000e+000, 0.00000000e+000, 0.00000000e+000,
       0.00000000e+000, 4.28923044e-249, 1.00000000e+000, 0.00000000e+000])}"
8,1,-1227.245447105592,2612.490894211184,2996.8138686708817,"{'means': array([[-0.18683634],
       [ 0.60879931],
       [-0.3858855 ],
       [ 2.59820618],
       [ 0.95592604],
       [ 0.91644923],
       [-1.18643211],
       [-0.82430807]]), 'covars': array([[[0.06913434]],

       [[0.09760421]],

       [[0.17981344]],

       [[0.25425529]],

       [[1.14529592]],

       [[0.41988016]],

       [[0.05308609]],

       [[0.01179117]]]), 'transmat': array([[1.27055706e-01, 6.72455814e-01, 4.37229609e-04, 2.48319593e-42,
        2.10426187e-39, 2.02787433e-26, 1.07133306e-13, 2.00051250e-01],
       [4.93005806e-01, 1.33356604e-15, 9.84398366e-19, 5.06949537e-01,
        4.14744887e-05, 3.18317595e-06, 4.66174889e-13, 8.15777920e-12],
       [2.44979503e-02, 7.00746870e-11, 5.05914942e-01, 6.71949740e-17,
        4.50343410e-16, 3.26584228e-01, 1.43002880e-01, 2.02688849e-10],
       [6.43837443e-15, 8.54845957e-02, 1.51708087e-13, 3.45418852e-62,
        6.78489031e-01, 4.05706751e-04, 1.41777775e-25, 2.35620666e-01],
       [7.28175332e-21, 1.74452596e-26, 4.51586779e-01, 5.51162095e-46,
        7.57073494e-41, 2.13878624e-01, 1.54323921e-16, 3.34534597e-01],
       [5.26872403e-29, 2.44518848e-02, 3.98279608e-01, 9.07781614e-21,
        2.36661048e-12, 3.65546200e-01, 2.11722307e-01, 2.81522343e-12],
       [5.38067852e-04, 2.23699099e-02, 3.91684632e-01, 7.63091883e-48,
        2.68879558e-01, 1.53648476e-01, 1.62850193e-01, 2.91640635e-05],
       [1.00255946e-34, 1.14880864e-01, 4.71662622e-04, 3.05495576e-02,
        6.20183921e-17, 1.50248326e-01, 2.82035745e-01, 4.21813845e-01]]), 'startprob': array([4.85640534e-181, 0.00000000e+000, 1.00000000e+000, 0.00000000e+000,
       8.10774608e-252, 1.25665787e-227, 0.00000000e+000, 0.00000000e+000])}"
8,2,-1246.163346796906,2650.326693593812,3034.6496680535097,"{'means': array([[-0.95871448],
       [ 0.71678137],
       [-0.14921932],
       [ 1.07514848],
       [-0.07790868],
       [-0.54723987],
       [-0.23010613],
       [ 0.82647162]]), 'covars': array([[[0.09683933]],

       [[0.99426599]],

       [[0.15646492]],

       [[0.67568629]],

       [[0.05624082]],

       [[0.23666623]],

       [[0.4526615 ]],

       [[0.81331509]]]), 'transmat': array([[4.52372559e-01, 3.71220244e-02, 4.14322215e-02, 1.32114961e-05,
        1.73413719e-03, 8.40572542e-10, 3.60190294e-06, 4.67322244e-01],
       [7.50665982e-15, 2.11491968e-14, 3.71567497e-11, 5.01032616e-01,
        4.98967383e-01, 1.37291311e-09, 8.96329004e-13, 2.74581323e-19],
       [3.73864897e-08, 6.31512827e-02, 1.51589400e-10, 2.63157946e-24,
        1.65801702e-03, 9.35058941e-01, 1.62643075e-09, 1.31720332e-04],
       [4.47536532e-01, 5.52462857e-01, 6.10395831e-07, 1.63614741e-20,
        5.22009899e-19, 1.39471655e-14, 3.84956256e-13, 1.62007336e-15],
       [7.92353596e-01, 1.85210131e-01, 2.06356673e-17, 3.68405533e-10,
        2.55937952e-11, 2.41749316e-05, 1.05843215e-25, 2.24120969e-02],
       [2.28608112e-04, 9.20715183e-07, 3.62095374e-08, 6.56712954e-02,
        1.55838639e-30, 2.30017820e-13, 9.34093411e-01, 5.72834410e-06],
       [9.94464533e-02, 1.51676431e-14, 3.82580792e-01, 5.15715382e-01,
        1.44787549e-07, 2.25636065e-03, 5.47320776e-16, 8.67322188e-07],
       [6.17236635e-02, 4.45289848e-06, 8.93731998e-13, 8.44436539e-08,
        1.05791890e-03, 5.67639511e-01, 3.43526259e-05, 3.69540016e-01]]), 'startprob': array([1.76695300e-179, 1.31453029e-146, 3.45937685e-024, 5.61523356e-156,
       1.00000000e+000, 1.05454749e-113, 4.76923572e-079, 1.60087950e-118])}"
8,3,-1230.5919425143738,2619.1838850287477,3003.5068594884456,"{'means': array([[-0.69665847],
       [ 0.65471186],
       [-0.24034831],
       [ 1.44216481],
       [ 2.17311946],
       [-0.99029202],
       [ 0.6671123 ],
       [-0.07127233]]), 'covars': array([[[0.17344784]],

       [[0.24062677]],

       [[0.36449174]],

       [[0.1247872 ]],

       [[0.43721528]],

       [[0.08610243]],

       [[0.09515231]],

       [[0.01922497]]]), 'transmat': array([[2.96514424e-07, 5.62452072e-16, 2.14573516e-01, 1.38203041e-01,
        1.11054511e-24, 3.33951659e-01, 2.40584460e-01, 7.26870278e-02],
       [1.53220782e-05, 2.30692393e-02, 7.59323680e-01, 2.16604871e-10,
        3.16245054e-09, 1.98715049e-02, 1.97720250e-01, 4.06502824e-17],
       [7.59797281e-01, 4.89815234e-10, 1.55327843e-08, 1.43557635e-10,
        7.35749230e-02, 7.09029210e-16, 9.13429660e-06, 1.66618646e-01],
       [6.94859542e-13, 2.05902527e-01, 1.19121842e-23, 9.12192350e-08,
        3.02396293e-09, 5.28289739e-01, 1.35569512e-04, 2.65672070e-01],
       [1.96081667e-01, 9.31521988e-11, 3.09180333e-01, 2.17399283e-01,
        1.10964339e-01, 5.31463589e-02, 1.13228019e-01, 2.08084744e-29],
       [5.08812768e-01, 3.93643400e-01, 5.81004941e-19, 6.67351647e-11,
        9.75438279e-02, 6.26380053e-11, 1.27745645e-11, 4.26170721e-09],
       [3.20473379e-01, 2.38885534e-01, 2.45532424e-09, 1.41668543e-01,
        2.90391665e-01, 8.58060547e-03, 2.71971183e-07, 2.74410726e-11],
       [4.62606169e-14, 1.41708988e-01, 4.28085075e-01, 1.94800635e-01,
        5.43768636e-24, 1.38423195e-01, 1.02778426e-06, 9.69810793e-02]]), 'startprob': array([1.07297072e-114, 6.88369694e-157, 4.10208618e-120, 0.00000000e+000,
       0.00000000e+000, 2.58397087e-270, 1.68642613e-163, 1.00000000e+000])}"
8,4,-1251.2188920693707,2660.4377841387413,3044.760758598439,"{'means': array([[-0.80053321],
       [ 0.47333265],
       [ 1.97150246],
       [ 0.36789322],
       [ 1.1600752 ],
       [-0.66049734],
       [-1.01700852],
       [-0.16727982]]), 'covars': array([[[0.1699766 ]],

       [[0.65698081]],

       [[0.33439432]],

       [[0.24882031]],

       [[0.90712667]],

       [[0.2152559 ]],

       [[0.01615442]],

       [[0.00406445]]]), 'transmat': array([[3.14829730e-004, 3.27981746e-001, 8.59248908e-011,
        8.06060581e-008, 2.22423754e-001, 4.48629343e-001,
        6.50246755e-004, 1.11393373e-013],
       [2.70552601e-003, 5.73313544e-001, 3.59341900e-008,
        4.23978870e-001, 1.25588295e-012, 8.89135411e-009,
        2.01510635e-006, 3.25758868e-022],
       [1.47459489e-016, 2.31047523e-013, 1.38333755e-009,
        1.64879526e-002, 5.43900636e-001, 1.71672738e-006,
        3.36138597e-001, 1.03471096e-001],
       [3.54936578e-001, 1.38701065e-004, 1.25912520e-001,
        2.73085141e-003, 2.06607351e-001, 3.09664721e-001,
        9.27798683e-006, 4.58898506e-018],
       [4.58149651e-002, 1.20302244e-002, 1.45032704e-001,
        3.30165084e-005, 2.20525346e-007, 7.97076447e-001,
        1.24224935e-005, 1.43697224e-017],
       [6.32640775e-001, 1.07710733e-007, 9.70994232e-014,
        3.65615787e-001, 8.23468145e-012, 1.74322202e-003,
        1.38850869e-008, 9.50500376e-008],
       [1.04085112e-005, 4.60228252e-001, 1.13644059e-001,
        9.07760895e-002, 4.15223551e-012, 3.12453151e-002,
        2.13834591e-001, 9.02612853e-002],
       [3.44254441e-048, 4.05349560e-058, 1.95153421e-090,
        5.68491367e-025, 1.56635575e-001, 2.98435974e-001,
        5.44928451e-001, 7.95871955e-294]]), 'startprob': array([3.25804055e-200, 9.77999355e-301, 0.00000000e+000, 3.44768641e-242,
       1.43722981e-306, 1.46393627e-318, 0.00000000e+000, 1.00000000e+000])}"
8,5,-1242.7705553443966,2643.541110688793,3027.864085148491,"{'means': array([[ 0.81844176],
       [-0.24844105],
       [ 2.15142721],
       [-0.05947295],
       [-0.27781891],
       [-0.97312236],
       [ 2.08161503],
       [ 0.85306079]]), 'covars': array([[[0.18855421]],

       [[0.08485572]],

       [[0.4565719 ]],

       [[0.15898627]],

       [[0.28287606]],

       [[0.0959882 ]],

       [[0.17791479]],

       [[0.42295852]]]), 'transmat': array([[7.11166434e-016, 1.11556853e-001, 1.87286262e-001,
        3.45805042e-001, 1.28692288e-001, 2.26659555e-001,
        3.00542284e-062, 2.67567083e-030],
       [4.14373066e-001, 6.03299696e-002, 2.47107319e-029,
        4.45933735e-005, 2.70810150e-003, 5.22544269e-001,
        4.26060041e-055, 2.35101914e-014],
       [3.12061065e-024, 3.06905507e-030, 1.90142291e-050,
        1.89395075e-019, 3.96794595e-001, 2.81334246e-001,
        7.73238482e-002, 2.44547312e-001],
       [4.13807852e-006, 5.20898256e-003, 2.02678880e-001,
        3.01282332e-001, 4.46541103e-001, 9.56547605e-003,
        2.83309989e-040, 3.47190883e-002],
       [2.32161107e-011, 9.98632940e-001, 1.31186897e-016,
        1.09932819e-008, 1.35805160e-003, 7.27291469e-017,
        8.99737741e-006, 1.00657036e-021],
       [1.26007333e-001, 1.22017715e-001, 5.49249651e-002,
        9.30968577e-002, 2.11484060e-005, 3.87940406e-001,
        4.54883732e-031, 2.15991575e-001],
       [1.52473847e-046, 1.00000000e+000, 4.91766422e-080,
        2.93104559e-093, 1.49565876e-056, 1.72772445e-045,
        1.64895807e-141, 3.42290155e-029],
       [8.22602724e-019, 1.05656451e-001, 5.76135724e-024,
        5.80356526e-012, 7.35945114e-008, 3.57780921e-001,
        7.75584183e-017, 5.36562555e-001]]), 'startprob': array([0.00000000e+000, 1.00000000e+000, 0.00000000e+000, 5.45853790e-051,
       4.50763973e-153, 0.00000000e+000, 0.00000000e+000, 1.18785383e-254])}"
8,6,-1231.8235255545128,2621.6470511090256,3005.9700255687235,"{'means': array([[ 0.43634818],
       [-0.88451952],
       [ 0.6097228 ],
       [-0.42920501],
       [-1.37638597],
       [-0.3076012 ],
       [ 1.7542285 ],
       [-0.93222284]]), 'covars': array([[[0.78514226]],

       [[0.03785118]],

       [[0.46430637]],

       [[0.15150254]],

       [[0.01556392]],

       [[0.11708455]],

       [[0.75062082]],

       [[0.02338108]]]), 'transmat': array([[1.32865692e-08, 1.05337706e-16, 3.27693089e-01, 5.44289433e-18,
        1.16768916e-01, 1.78619338e-01, 3.76918644e-01, 1.05165279e-31],
       [3.53480051e-23, 1.76704819e-51, 3.17687504e-05, 1.98933915e-06,
        1.94490367e-15, 9.99966242e-01, 1.48846077e-43, 5.11278350e-22],
       [3.55599670e-01, 2.92233786e-03, 2.23538844e-16, 5.56038752e-01,
        8.54386499e-02, 5.89305077e-07, 4.88569804e-13, 1.24146609e-09],
       [4.66674299e-01, 1.94466689e-01, 6.58244711e-09, 2.67060819e-08,
        2.07186802e-02, 3.18140299e-01, 6.52499748e-22, 3.26448314e-26],
       [2.75927537e-26, 3.58737341e-02, 4.78029256e-01, 1.88669395e-13,
        8.89362137e-02, 3.14889940e-01, 3.79122937e-05, 8.22329438e-02],
       [1.14765282e-12, 2.46881482e-05, 5.40929561e-01, 1.86047427e-01,
        4.26229942e-02, 9.97650413e-17, 9.30999964e-14, 2.30375330e-01],
       [5.04795760e-02, 7.46985648e-02, 4.46415647e-01, 3.65871079e-10,
        2.04254336e-39, 3.68191939e-11, 8.20046592e-19, 4.28406212e-01],
       [4.12407003e-19, 3.58507725e-22, 3.46221052e-01, 8.91465546e-03,
        1.51079244e-01, 1.83736560e-14, 1.41288564e-01, 3.52496484e-01]]), 'startprob': array([7.71387706e-218, 0.00000000e+000, 3.30085587e-246, 1.00000000e+000,
       0.00000000e+000, 5.17977390e-055, 0.00000000e+000, 0.00000000e+000])}"
8,7,-1242.5931754398107,2643.1863508796214,3027.5093253393193,"{'means': array([[ 1.65065895],
       [-0.23353694],
       [ 0.7627406 ],
       [-0.22008076],
       [ 1.4289139 ],
       [ 0.12837108],
       [ 2.59778109],
       [-0.95419504]]), 'covars': array([[[0.74988605]],

       [[0.35678952]],

       [[0.06998108]],

       [[0.23437354]],

       [[0.17282053]],

       [[0.06231605]],

       [[0.33246409]],

       [[0.10356485]]]), 'transmat': array([[1.23036724e-01, 5.57271764e-25, 3.03529155e-01, 3.83213546e-01,
        2.44890466e-27, 1.01884390e-14, 6.85590924e-06, 1.90213719e-01],
       [9.90217200e-02, 9.00978280e-01, 3.63397213e-12, 2.25377791e-30,
        3.57519126e-21, 1.15310934e-24, 2.28843762e-50, 1.35111823e-27],
       [3.38896256e-01, 6.76771740e-37, 3.05068962e-06, 5.41523812e-01,
        3.80976495e-14, 2.04496279e-18, 6.63063220e-02, 5.32705597e-02],
       [2.67646387e-21, 9.52474040e-27, 1.38599780e-01, 3.30647217e-01,
        1.38268628e-01, 5.36514894e-08, 1.93877630e-11, 3.92484321e-01],
       [3.43709798e-65, 1.41706210e-20, 4.98384156e-23, 4.75934708e-12,
        1.45031524e-01, 3.94412598e-01, 3.42690313e-19, 4.60555879e-01],
       [6.31324866e-62, 2.65505620e-01, 1.78003199e-26, 3.73705213e-01,
        2.53862242e-01, 1.89972338e-05, 9.97960482e-04, 1.05909968e-01],
       [1.25610155e-24, 1.53130996e-34, 4.28924331e-24, 8.88264032e-03,
        4.75159825e-01, 4.02979091e-13, 3.47836232e-09, 5.15957532e-01],
       [9.00751303e-19, 1.46061545e-23, 1.30596286e-01, 4.08566341e-01,
        1.30197768e-01, 6.91054905e-16, 3.52962912e-02, 2.95343313e-01]]), 'startprob': array([0.00000000e+000, 5.00945724e-202, 0.00000000e+000, 1.00000000e+000,
       0.00000000e+000, 3.30110477e-059, 0.00000000e+000, 0.00000000e+000])}"
8,8,-1231.4821533540999,2620.9643067081997,3005.2872811678976,"{'means': array([[-0.80222015],
       [ 0.61490237],
       [ 0.53396395],
       [-1.13794282],
       [-0.10890742],
       [ 2.66695174],
       [ 1.03797598],
       [-0.47819874]]), 'covars': array([[[0.10364378]],

       [[0.14594127]],

       [[0.52819083]],

       [[0.06799826]],

       [[0.08044552]],

       [[0.25612957]],

       [[0.48012129]],

       [[0.1042451 ]]]), 'transmat': array([[2.07551979e-11, 4.57290336e-02, 1.40649324e-01, 2.93223288e-01,
        5.74335850e-24, 7.54196002e-46, 1.35626375e-13, 5.20398354e-01],
       [4.34537016e-07, 1.49691943e-28, 2.74856808e-27, 4.75983684e-04,
        5.47096871e-01, 4.52426711e-01, 8.76255689e-33, 3.15744583e-19],
       [3.27509177e-01, 4.32081098e-16, 2.44364422e-02, 9.37527524e-06,
        1.47564526e-01, 8.69889025e-51, 3.78895716e-01, 1.21584763e-01],
       [2.53904240e-01, 2.46061825e-09, 5.11533324e-01, 2.10794307e-16,
        6.56962928e-02, 5.16199526e-02, 1.17246188e-01, 2.04298169e-17],
       [5.26151920e-02, 2.38173635e-01, 1.52803295e-27, 2.76028393e-01,
        4.33182777e-01, 3.77497263e-85, 1.58739435e-21, 2.86674878e-09],
       [4.77117748e-01, 1.53235712e-65, 4.58309995e-01, 5.28013189e-65,
        2.77881035e-09, 6.45722538e-02, 6.75316106e-40, 5.10509607e-22],
       [1.98267180e-08, 1.78743635e-20, 5.88890223e-01, 3.61567967e-01,
        4.95068648e-02, 1.62261486e-50, 3.16480932e-05, 3.27687453e-06],
       [3.77222571e-01, 1.12597928e-09, 2.26631960e-01, 1.44430762e-22,
        4.76907306e-06, 2.30788261e-70, 3.96139856e-01, 8.42627266e-07]]), 'startprob': array([1.73066113e-270, 0.00000000e+000, 2.61239038e-280, 0.00000000e+000,
       3.43577767e-163, 0.00000000e+000, 0.00000000e+000, 1.00000000e+000])}"
8,9,-1250.511878510747,2659.023757021494,3043.346731481192,"{'means': array([[-0.35341354],
       [-0.34866446],
       [ 0.76418147],
       [ 1.50110238],
       [-0.99817268],
       [-0.35649873],
       [ 1.05831758],
       [-1.10229589]]), 'covars': array([[[0.25055786]],

       [[0.28689645]],

       [[0.33204983]],

       [[0.93673878]],

       [[0.07027448]],

       [[0.08628002]],

       [[0.87447488]],

       [[0.07766371]]]), 'transmat': array([[6.52730284e-09, 5.74356471e-05, 2.83691661e-01, 1.07949844e-01,
        2.08575330e-01, 3.33027826e-01, 8.96834752e-09, 6.66978893e-02],
       [6.71511142e-01, 3.65534427e-06, 1.60874402e-14, 3.53217297e-13,
        2.51525121e-08, 1.08861686e-03, 2.35925051e-01, 9.14715106e-02],
       [4.15447847e-05, 6.68750965e-01, 2.21069704e-08, 4.44238280e-09,
        1.97565477e-13, 7.53947048e-15, 2.70259229e-01, 6.09482350e-02],
       [7.25715883e-02, 3.23149149e-01, 2.19534418e-01, 9.54907124e-19,
        3.74381747e-01, 2.73275342e-06, 1.03603644e-02, 7.66955987e-28],
       [2.91967855e-18, 2.40663982e-02, 2.70703862e-05, 6.05675847e-10,
        3.07957529e-01, 3.86557461e-01, 1.65676791e-04, 2.81225863e-01],
       [3.26296961e-01, 1.60514267e-15, 4.45653207e-01, 2.21602577e-18,
        2.08346286e-01, 2.62222453e-11, 1.97035424e-02, 2.87887898e-09],
       [8.80568096e-02, 6.84521138e-15, 3.20927529e-01, 4.03660732e-01,
        3.62518765e-18, 8.62573091e-05, 3.81759790e-08, 1.87268633e-01],
       [3.50400027e-02, 1.90657546e-03, 7.31938701e-01, 1.94087687e-01,
        3.54597050e-11, 5.10198099e-08, 2.90533856e-13, 3.70269827e-02]]), 'startprob': array([1.00000000e+000, 1.90519614e-088, 1.78523888e-284, 3.07964881e-208,
       0.00000000e+000, 4.83474270e-026, 7.06918939e-168, 0.00000000e+000])}"
9,0,-1249.6984975014266,2695.396995002853,3172.1520772439976,"{'means': array([[-1.12877862],
       [ 0.48501815],
       [ 0.37231471],
       [-0.78567832],
       [ 1.58234958],
       [ 0.37123198],
       [ 0.2435658 ],
       [ 1.56311695],
       [-0.35073829]]), 'covars': array([[[0.06812729]],

       [[0.38297205]],

       [[0.72038811]],

       [[0.14011769]],

       [[0.87271095]],

       [[0.43152118]],

       [[0.37460682]],

       [[0.54604766]],

       [[0.18847412]]]), 'transmat': array([[2.28556485e-01, 4.58055433e-09, 1.42169313e-09, 5.58607003e-02,
        1.23891891e-01, 7.42228570e-07, 4.38645416e-01, 1.25997870e-01,
        2.70468890e-02],
       [2.51197651e-05, 1.10414170e-10, 1.26773336e-12, 3.32856830e-12,
        1.53450246e-11, 4.38233054e-06, 8.17645328e-06, 3.61951530e-01,
        6.38010792e-01],
       [3.86282708e-02, 4.92377183e-02, 3.18094934e-20, 1.64462097e-11,
        2.63817944e-01, 9.00564905e-09, 5.59488414e-10, 1.15012748e-12,
        6.48316057e-01],
       [2.36569843e-21, 3.46838652e-01, 1.31665266e-05, 5.42800473e-01,
        1.99024383e-08, 3.18298972e-07, 5.99409975e-02, 5.04063728e-02,
        5.20869888e-12],
       [6.62935325e-01, 3.04929693e-01, 3.09672230e-06, 2.81553517e-15,
        6.09830945e-26, 3.23108466e-13, 3.20521544e-02, 7.80372405e-05,
        1.69376910e-06],
       [2.10101599e-06, 2.10991696e-01, 1.02598065e-04, 2.53318204e-01,
        3.39651071e-01, 4.64282268e-03, 3.76406046e-04, 3.49768733e-16,
        1.90915101e-01],
       [1.29298478e-21, 1.02862776e-04, 1.00370618e-10, 5.75353814e-01,
        2.14246024e-07, 3.15777262e-05, 4.24082789e-01, 4.26152578e-04,
        2.58968262e-06],
       [1.78212595e-04, 4.28590803e-13, 9.98823726e-01, 4.83266674e-11,
        9.95897515e-04, 2.13232372e-06, 3.09847617e-08, 1.79143500e-16,
        2.78460333e-10],
       [1.99997678e-01, 1.28149720e-14, 6.68770210e-03, 1.79366486e-01,
        1.63972571e-05, 6.12746592e-01, 1.14063445e-03, 2.37694866e-09,
        4.45073839e-05]]), 'startprob': array([2.04934659e-279, 1.18745687e-061, 3.93651163e-039, 4.51664733e-032,
       1.02358989e-098, 2.15173963e-037, 3.23494874e-019, 1.13585627e-173,
       1.00000000e+000])}"
9,1,-1240.1859202941537,2676.3718405883074,3153.126922829452,"{'means': array([[ 0.53354499],
       [-0.43712217],
       [ 0.74148398],
       [ 0.12995172],
       [-0.87942711],
       [ 0.9323729 ],
       [-0.11949933],
       [ 2.80368086],
       [-0.88390952]]), 'covars': array([[[0.11545301]],

       [[0.24977974]],

       [[0.71012002]],

       [[0.68715947]],

       [[0.08798753]],

       [[0.40654631]],

       [[0.05601788]],

       [[0.21798737]],

       [[0.13615171]]]), 'transmat': array([[1.14395957e-17, 1.07338821e-08, 1.80065228e-23, 1.00681019e-17,
        7.50618110e-11, 9.07501377e-33, 6.34357344e-01, 3.59944189e-01,
        5.69845672e-03],
       [3.17658111e-21, 5.01251845e-01, 1.28018389e-03, 8.49744027e-03,
        5.79496934e-06, 1.09400998e-05, 1.58088358e-06, 4.65607993e-33,
        4.88952215e-01],
       [3.23399321e-16, 8.26113940e-04, 6.00480733e-01, 1.33046380e-01,
        9.03298546e-07, 3.64309532e-02, 2.75537835e-05, 4.35273824e-35,
        2.29187363e-01],
       [5.74811259e-30, 6.31434030e-03, 2.22362169e-05, 5.85600533e-15,
        5.53076557e-22, 7.24719446e-01, 2.68937540e-01, 3.91071885e-30,
        6.43680924e-06],
       [1.10756169e-01, 6.79065749e-13, 1.98594288e-08, 7.09558693e-01,
        2.94069471e-04, 1.50783034e-08, 1.00067455e-01, 7.38823042e-02,
        5.44127536e-03],
       [4.89157013e-09, 5.71617071e-01, 3.00366090e-02, 4.14612529e-22,
        3.98344922e-01, 8.03227973e-11, 5.90337447e-12, 8.25331326e-50,
        1.39291362e-06],
       [3.59817449e-01, 1.03656281e-03, 9.73075311e-12, 3.48309536e-12,
        5.50259200e-02, 4.53436266e-11, 3.47633989e-01, 3.33460554e-45,
        2.36486079e-01],
       [3.75802094e-15, 4.91284772e-01, 1.10180332e-20, 1.29500421e-40,
        2.70863938e-01, 1.46731280e-01, 8.83838000e-36, 9.10875366e-02,
        3.24739148e-05],
       [4.72343781e-18, 5.44559687e-03, 3.47961079e-01, 3.84372743e-10,
        3.18379066e-07, 1.54805713e-01, 2.39685688e-02, 5.07580425e-03,
        4.62742919e-01]]), 'startprob': array([3.39591069e-224, 6.66429653e-001, 1.24395813e-150, 3.33570347e-001,
       7.45326541e-173, 7.50643587e-115, 2.57026560e-069, 0.00000000e+000,
       2.34755752e-125])}"
9,2,-1230.4077715011767,2656.8155430023535,3133.570625243498,"{'means': array([[-1.09204954],
       [ 0.74091962],
       [ 1.18129279],
       [ 0.79211598],
       [-0.47208767],
       [-0.78226152],
       [-0.07355442],
       [ 1.62805595],
       [ 0.97318736]]), 'covars': array([[[0.08001898]],

       [[0.77801903]],

       [[0.15615724]],

       [[0.04013654]],

       [[0.09827554]],

       [[0.09194258]],

       [[0.13766188]],

       [[1.15166694]],

       [[0.39688103]]]), 'transmat': array([[2.05559687e-01, 1.26127348e-01, 7.86251745e-06, 6.08383454e-05,
        7.77802818e-02, 1.81928599e-06, 3.44750369e-01, 1.47474609e-01,
        9.82371853e-02],
       [8.47102510e-01, 5.33109767e-05, 9.78321310e-02, 2.82278572e-06,
        2.27782386e-04, 2.82593066e-11, 9.07980674e-15, 4.88701195e-13,
        5.47814431e-02],
       [9.79900418e-15, 4.63933239e-30, 2.15809830e-02, 1.74745636e-58,
        2.57305408e-01, 1.80283257e-05, 7.20923096e-01, 2.79915193e-15,
        1.72484236e-04],
       [1.22346040e-12, 2.27617605e-27, 6.85652754e-09, 1.97696809e-24,
        1.59317596e-08, 2.38396668e-01, 5.89052425e-06, 7.61597419e-01,
        1.92326117e-10],
       [3.09884573e-01, 1.09761882e-22, 6.50959414e-01, 3.86729466e-02,
        5.18111107e-11, 1.78467745e-04, 3.04598625e-04, 1.94339246e-16,
        7.35747569e-24],
       [8.02116519e-02, 1.22394606e-10, 6.28767606e-02, 1.76499992e-01,
        1.78938676e-01, 4.99426446e-01, 2.04645634e-03, 1.62040128e-08,
        3.66148403e-10],
       [8.81415439e-02, 1.27074550e-01, 2.10277346e-02, 3.62361145e-02,
        1.13138101e-05, 1.55229793e-01, 5.41197782e-01, 3.10811686e-02,
        1.90712102e-13],
       [4.31642020e-11, 1.74121908e-24, 2.76777727e-27, 7.76052402e-08,
        2.26899508e-19, 3.54964937e-01, 2.52700955e-01, 6.62305016e-02,
        3.26103529e-01],
       [3.92025480e-31, 6.80567924e-01, 6.82208035e-23, 1.59640167e-39,
        1.01068033e-15, 1.38578039e-08, 1.50871922e-16, 1.62713307e-41,
        3.19432062e-01]]), 'startprob': array([0.00000000e+00, 5.19659271e-81, 0.00000000e+00, 0.00000000e+00,
       9.99789167e-01, 3.01648946e-56, 2.10833142e-04, 0.00000000e+00,
       0.00000000e+00])}"
9,3,-1229.0342398783582,2654.0684797567164,3130.823561997861,"{'means': array([[ 0.6281957 ],
       [-1.0409641 ],
       [ 0.98213685],
       [-0.43090764],
       [-0.11386281],
       [ 1.20626488],
       [ 0.43280969],
       [-0.77304867],
       [ 2.69713028]]), 'covars': array([[[0.11618486]],

       [[0.08740637]],

       [[0.48089411]],

       [[0.11677744]],

       [[0.0715614 ]],

       [[0.51926385]],

       [[0.60650813]],

       [[0.14022808]],

       [[0.25480808]]]), 'transmat': array([[2.40328895e-17, 1.18516735e-14, 7.42536590e-15, 7.79261557e-02,
        5.11357205e-01, 8.07300585e-32, 6.28881247e-25, 9.08441255e-11,
        4.10716639e-01],
       [6.53860728e-02, 7.64979688e-04, 4.36879513e-02, 9.66596884e-06,
        9.85436781e-02, 2.31913117e-09, 4.15431249e-01, 3.35862571e-01,
        4.03138293e-02],
       [1.33551960e-24, 5.31340888e-01, 4.27481606e-04, 9.59373384e-15,
        9.60401896e-03, 2.35016474e-22, 4.58627611e-01, 3.14126239e-15,
        7.32546413e-43],
       [1.02203337e-03, 2.50438177e-01, 7.07145971e-24, 2.39837226e-08,
        1.68984916e-12, 8.81907874e-03, 2.33291125e-01, 5.06429562e-01,
        1.15897699e-22],
       [2.59298554e-01, 2.98722665e-01, 1.14295120e-09, 1.13675337e-11,
        4.41978780e-01, 1.77630219e-28, 1.33402742e-17, 9.68492985e-12,
        5.97473194e-20],
       [8.69685521e-66, 1.00713682e-64, 3.41604177e-32, 6.46349368e-01,
        5.47316054e-08, 3.53650577e-01, 3.47126596e-30, 2.11397141e-33,
        1.35767406e-96],
       [2.54670947e-21, 1.06826600e-04, 4.86556378e-01, 2.70914453e-01,
        1.42272658e-01, 1.42917187e-29, 1.00149588e-01, 9.64226965e-08,
        5.89895333e-59],
       [5.11274230e-08, 8.58331928e-02, 3.55374365e-01, 1.24605672e-06,
        2.21097189e-17, 9.64772146e-14, 7.01865078e-02, 4.88604638e-01,
        3.76466069e-73],
       [3.70939185e-27, 1.11176708e-01, 1.88083721e-46, 3.97464639e-01,
        8.71004448e-36, 4.91358653e-01, 1.41165965e-35, 2.47152072e-28,
        3.16083612e-16]]), 'startprob': array([0.00000000e+000, 7.80570263e-250, 5.33859972e-135, 1.00000000e+000,
       1.27831738e-042, 7.32940926e-135, 2.13970260e-138, 9.28322455e-121,
       0.00000000e+000])}"
9,4,-1246.3780194998549,2688.7560389997097,3165.511121240854,"{'means': array([[-0.17282865],
       [ 0.02124689],
       [ 1.37501305],
       [-0.71922234],
       [-0.92389015],
       [ 0.81814963],
       [ 1.06961062],
       [ 0.51779008],
       [-0.75453198]]), 'covars': array([[[0.10404162]],

       [[0.40254124]],

       [[1.09167188]],

       [[0.19879093]],

       [[0.05073431]],

       [[0.042033  ]],

       [[0.78755459]],

       [[0.59121951]],

       [[0.22412399]]]), 'transmat': array([[4.18378702e-08, 2.46626314e-36, 2.71584018e-32, 3.59062552e-13,
        1.91475298e-09, 4.08610505e-02, 5.26263105e-07, 3.21018499e-01,
        6.38119881e-01],
       [8.82557339e-18, 7.61356321e-01, 1.12539474e-03, 3.93379682e-16,
        2.25970709e-02, 2.14921128e-01, 8.57837578e-08, 3.64951797e-21,
        3.47905274e-12],
       [1.36790373e-11, 8.98727821e-24, 2.23433531e-14, 4.33470686e-02,
        1.00490610e-06, 5.31805000e-02, 3.52428727e-02, 8.68228252e-01,
        3.02150941e-07],
       [1.04934819e-03, 2.73740513e-06, 1.94509161e-01, 1.08773236e-09,
        1.78624557e-01, 9.78435932e-02, 9.84054392e-02, 6.28814346e-15,
        4.29565163e-01],
       [3.87901421e-29, 3.15652804e-01, 4.57072808e-14, 2.02284936e-01,
        2.76086794e-01, 2.05975454e-01, 1.74048919e-15, 9.92070215e-10,
        1.21718855e-08],
       [2.28338419e-23, 5.83879358e-23, 6.64537485e-01, 3.71382654e-08,
        3.35414411e-01, 2.43459489e-08, 3.37680667e-25, 1.68001029e-20,
        4.80426595e-05],
       [5.02905013e-07, 1.64478416e-20, 3.69277818e-29, 3.68163138e-08,
        1.09804185e-14, 6.18937579e-32, 7.74116222e-11, 3.07617518e-07,
        9.99999153e-01],
       [5.33348214e-01, 4.74690798e-18, 8.01178985e-11, 1.28625672e-07,
        2.26605910e-12, 5.13243387e-51, 4.66577471e-01, 1.78619563e-06,
        7.24002616e-05],
       [1.54976185e-16, 4.63434889e-11, 3.94333508e-02, 5.25240223e-01,
        2.47816987e-14, 1.77523143e-20, 1.42500580e-01, 2.92825846e-01,
        1.28179344e-13]]), 'startprob': array([1.00000000e+000, 1.58574266e-156, 5.75063272e-165, 3.35771735e-078,
       0.00000000e+000, 0.00000000e+000, 4.86351456e-154, 1.19120712e-032,
       5.31561711e-023])}"
9,5,-1220.3504699082491,2636.7009398164982,3113.4560220576427,"{'means': array([[-1.1685359 ],
       [ 0.85583276],
       [ 1.16692998],
       [ 0.0153553 ],
       [ 2.5145068 ],
       [-0.67087033],
       [ 0.69683123],
       [-0.59032578],
       [ 1.42948942]]), 'covars': array([[[0.05378078]],

       [[0.41328872]],

       [[0.27592062]],

       [[0.06350483]],

       [[0.14136532]],

       [[0.15782639]],

       [[0.07289716]],

       [[0.16822192]],

       [[1.10700084]]]), 'transmat': array([[2.26569416e-001, 3.12067043e-001, 7.28836941e-025,
        8.41006450e-002, 4.38297245e-060, 1.82564044e-001,
        2.29887700e-014, 3.79850844e-007, 1.94698473e-001],
       [2.39254748e-001, 6.30812339e-001, 3.63568685e-036,
        1.58818074e-027, 4.83397878e-023, 1.29932913e-001,
        4.67413157e-016, 6.22096392e-027, 5.16001081e-016],
       [3.66130606e-004, 4.70137572e-016, 1.43201030e-001,
        3.60760722e-001, 1.42940264e-002, 3.57049418e-004,
        4.92141538e-025, 4.81021041e-001, 4.56370838e-014],
       [2.70404146e-001, 2.44505457e-004, 2.75106654e-002,
        5.05159740e-001, 3.13030144e-011, 5.05541114e-002,
        7.30100669e-002, 1.54855786e-007, 7.31166100e-002],
       [1.68028175e-057, 5.54363312e-001, 1.13057944e-002,
        3.88995338e-039, 8.58057651e-124, 2.76275017e-028,
        3.74171344e-040, 2.44404002e-037, 4.34330894e-001],
       [1.29614934e-008, 4.90454617e-012, 4.29294014e-015,
        1.16896015e-006, 2.52414704e-002, 7.96581916e-009,
        2.26188848e-001, 7.48568491e-001, 1.91236868e-032],
       [3.47864965e-014, 6.81677101e-026, 1.12146286e-012,
        9.02520849e-008, 1.08345864e-001, 4.61760077e-001,
        2.89579072e-024, 1.15516682e-006, 4.29892814e-001],
       [9.02552101e-002, 5.45227003e-009, 3.94439723e-001,
        1.09704239e-001, 7.08795350e-058, 4.05600814e-001,
        1.93303004e-014, 8.75845938e-009, 2.74934702e-022],
       [3.09458812e-015, 2.40537570e-010, 7.81402052e-037,
        4.70882684e-010, 1.61062955e-083, 8.52383401e-001,
        1.47602090e-001, 1.45083501e-005, 1.49568830e-033]]), 'startprob': array([0.00000000e+000, 2.13696584e-197, 0.00000000e+000, 1.16207610e-011,
       0.00000000e+000, 3.72949183e-260, 3.83751418e-203, 1.00000000e+000,
       4.87133622e-155])}"
9,6,-1258.4310923948235,2712.862184789647,3189.6172670307915,"{'means': array([[-0.02126466],
       [ 1.17984563],
       [-0.56707491],
       [ 0.84166936],
       [-0.27778934],
       [-0.97486486],
       [ 0.88980492],
       [ 1.57090947],
       [ 2.49878587]]), 'covars': array([[[0.32009483]],

       [[0.17941365]],

       [[0.24188892]],

       [[1.07131067]],

       [[0.44027703]],

       [[0.0819665 ]],

       [[0.70831253]],

       [[0.42042211]],

       [[0.14016335]]]), 'transmat': array([[3.51542380e-007, 3.28482882e-015, 1.12114545e-007,
        5.30291465e-001, 3.82140542e-001, 1.82935303e-006,
        1.27142686e-004, 8.74385572e-002, 4.88550871e-022],
       [4.09903898e-008, 2.66146781e-033, 2.42110237e-002,
        9.75788935e-001, 5.14165240e-014, 5.50763860e-013,
        2.87551975e-010, 3.21186813e-011, 3.31313715e-010],
       [5.99076159e-001, 5.67370625e-002, 6.81307840e-002,
        6.21465290e-012, 8.28066045e-012, 2.74516761e-001,
        1.33532726e-003, 1.00164475e-009, 2.03905889e-004],
       [2.46587113e-025, 1.60709495e-001, 2.05647140e-007,
        4.01562816e-017, 6.58206818e-001, 3.38658373e-010,
        3.07633440e-012, 1.72736734e-001, 8.34674710e-003],
       [2.51653544e-007, 3.17088740e-015, 9.01120208e-001,
        4.94989579e-015, 5.37720561e-003, 2.19821280e-017,
        9.35022265e-002, 1.07914680e-007, 6.66787738e-018],
       [1.26444005e-008, 1.31781161e-008, 3.17297885e-011,
        5.65224351e-007, 5.05002225e-002, 3.83984473e-001,
        5.49096293e-001, 4.06405083e-013, 1.64184209e-002],
       [4.27081240e-001, 1.75963963e-022, 4.07192396e-001,
        4.37432527e-005, 2.46912994e-002, 1.03091745e-001,
        3.34564706e-008, 2.13972133e-003, 3.57598222e-002],
       [2.23855188e-009, 1.41583072e-020, 2.66339177e-001,
        7.39012684e-014, 3.16394665e-010, 7.33660820e-001,
        3.71276627e-010, 5.30643274e-013, 3.76549110e-019],
       [3.84836485e-050, 1.00000000e+000, 2.61287805e-028,
        3.93067933e-022, 5.09613952e-045, 5.22222395e-038,
        7.48612908e-012, 3.85260196e-028, 2.20918058e-152]]), 'startprob': array([6.28619680e-016, 0.00000000e+000, 8.91637709e-049, 1.10285680e-051,
       1.00000000e+000, 9.29162689e-162, 6.02178191e-140, 0.00000000e+000,
       0.00000000e+000])}"
9,7,-1225.3785441308628,2646.7570882617256,3123.51217050287,"{'means': array([[-0.59919061],
       [ 0.79510063],
       [-1.23070525],
       [ 0.01363752],
       [-0.49660135],
       [-0.83466745],
       [ 1.91587739],
       [ 0.27931586],
       [ 1.0285083 ]]), 'covars': array([[[0.15994161]],

       [[0.07133047]],

       [[0.04379942]],

       [[0.06706776]],

       [[0.15646424]],

       [[0.11103354]],

       [[0.60203807]],

       [[0.13348099]],

       [[0.45643552]]]), 'transmat': array([[1.36065439e-14, 3.80567953e-02, 7.48185425e-17, 6.33469313e-04,
        3.86187066e-01, 5.59164860e-11, 5.95074698e-11, 6.04116136e-08,
        5.75122609e-01],
       [3.11309371e-03, 3.99028086e-10, 9.11600651e-02, 4.21399995e-30,
        2.83368626e-07, 3.27935613e-01, 2.16680976e-08, 1.72904635e-01,
        4.04886288e-01],
       [8.60376932e-29, 1.68954265e-05, 5.37674204e-23, 3.22914632e-17,
        3.28400306e-08, 3.51795526e-01, 1.96905712e-01, 4.51281832e-01,
        1.42007889e-09],
       [1.89653125e-01, 5.24642876e-04, 2.07172432e-01, 4.58434487e-01,
        7.96306526e-09, 4.46326168e-25, 9.52854539e-02, 3.24663059e-41,
        4.89298513e-02],
       [3.94599637e-11, 3.58242033e-01, 2.92264543e-01, 4.09915416e-02,
        9.06601344e-20, 3.08501869e-01, 9.57089535e-11, 1.26737510e-08,
        7.33604361e-10],
       [8.85130145e-01, 2.08973052e-29, 1.14869855e-01, 1.37502547e-18,
        1.51463841e-16, 4.40925901e-18, 2.72232744e-21, 1.48085092e-22,
        9.62717508e-17],
       [8.65831064e-17, 4.94668887e-02, 2.10812745e-01, 8.26788823e-36,
        1.52003769e-28, 3.79832568e-01, 1.85591639e-13, 1.47714804e-01,
        2.12172994e-01],
       [4.71083886e-31, 2.22793530e-01, 3.76462642e-14, 1.64658124e-01,
        1.52486084e-24, 5.54486520e-01, 9.52899529e-09, 5.80618160e-02,
        7.89902037e-16],
       [4.27454069e-01, 2.66551373e-09, 4.38198164e-19, 2.36596975e-01,
        1.55003350e-03, 1.58521255e-22, 1.79352960e-01, 2.43347861e-07,
        1.55045717e-01]]), 'startprob': array([6.68866988e-099, 0.00000000e+000, 0.00000000e+000, 1.04553371e-048,
       1.00000000e+000, 2.71437495e-204, 0.00000000e+000, 6.36539048e-017,
       2.30744057e-241])}"
9,8,-1235.3749043458613,2666.7498086917226,3143.504890932867,"{'means': array([[-0.71074909],
       [ 0.8229046 ],
       [-1.05210492],
       [ 1.06388403],
       [ 1.53922301],
       [-0.16746128],
       [-0.76320095],
       [ 1.56367519],
       [-0.37311931]]), 'covars': array([[[0.2364181 ]],

       [[0.02115757]],

       [[0.05725327]],

       [[0.31411295]],

       [[1.23269091]],

       [[0.28707245]],

       [[0.13755161]],

       [[0.20640343]],

       [[0.33800114]]]), 'transmat': array([[1.65813871e-06, 3.67411729e-05, 9.99945296e-01, 1.63042873e-05,
        8.29629697e-15, 8.75202940e-17, 8.48868908e-22, 1.94771264e-15,
        2.30525425e-15],
       [1.65282009e-93, 4.43007416e-05, 1.79300316e-01, 2.51262748e-15,
        8.20630825e-01, 5.54236891e-25, 2.45583005e-05, 4.65763643e-32,
        3.29487323e-39],
       [1.03331708e-02, 5.00066753e-42, 1.38305786e-04, 1.84813349e-16,
        1.70718870e-01, 4.68266660e-07, 3.74085909e-01, 1.54032326e-13,
        4.44723276e-01],
       [1.79736035e-42, 1.20601608e-04, 2.20746407e-34, 5.16371176e-33,
        8.18180329e-04, 6.04239535e-01, 1.80590295e-01, 2.14231388e-01,
        1.00201621e-32],
       [1.71245751e-16, 7.57955573e-02, 1.37133864e-01, 5.02853072e-01,
        3.69044608e-25, 2.47528689e-01, 3.66888178e-02, 8.60410402e-19,
        6.97081010e-17],
       [1.53066187e-48, 6.98317688e-03, 1.61389619e-21, 3.06728932e-16,
        9.36613313e-02, 2.33234203e-18, 1.65702571e-19, 5.58922956e-37,
        8.99355492e-01],
       [2.29242451e-02, 3.11334188e-03, 6.99388883e-14, 9.73962408e-01,
        3.33663841e-21, 3.74698844e-21, 6.09024151e-16, 8.15711464e-35,
        5.54951224e-09],
       [1.42011636e-01, 5.02240212e-45, 3.00141217e-01, 9.48589812e-11,
        1.14639425e-06, 9.83631782e-09, 2.43217975e-30, 4.50530599e-06,
        5.57841485e-01],
       [2.01315569e-01, 1.27594538e-01, 7.25375651e-34, 1.27393456e-22,
        8.24094798e-09, 4.76844283e-01, 8.99340166e-02, 1.04311585e-01,
        6.06370960e-18]]), 'startprob': array([6.66533387e-001, 0.00000000e+000, 0.00000000e+000, 7.59824118e-250,
       4.76666632e-242, 3.97287229e-118, 3.33466613e-001, 0.00000000e+000,
       5.90454785e-123])}"
9,9,-1222.5125774574888,2641.0251549149775,3117.780237156122,"{'means': array([[-0.23482346],
       [ 1.26963295],
       [-0.65429404],
       [ 0.84840101],
       [-0.58122737],
       [ 0.03957854],
       [ 1.18202251],
       [ 1.12120436],
       [-1.06702354]]), 'covars': array([[[0.00628838]],

       [[0.6296257 ]],

       [[0.0419516 ]],

       [[0.02816817]],

       [[0.23561137]],

       [[0.08925771]],

       [[1.29393614]],

       [[0.55224726]],

       [[0.07283511]]]), 'transmat': array([[0.00000000e+000, 3.95293806e-001, 1.58510973e-124,
        5.51959457e-181, 1.18427040e-011, 1.78505709e-139,
        1.90863278e-144, 1.23865593e-100, 6.04706194e-001],
       [3.02562187e-074, 1.29225960e-024, 1.89350048e-006,
        1.11520272e-066, 4.87564201e-001, 2.17377414e-013,
        4.15360420e-030, 5.12433905e-001, 4.61532051e-041],
       [1.97634482e-002, 1.50806180e-001, 3.55304680e-001,
        7.89000476e-003, 2.52223566e-001, 3.53622885e-030,
        2.14012121e-001, 2.38076212e-013, 8.59338581e-030],
       [5.47231453e-163, 9.78749936e-017, 3.60287836e-001,
        1.26235757e-106, 1.97237047e-036, 2.33397316e-031,
        6.39712164e-001, 1.19448831e-018, 9.55937231e-030],
       [2.97034262e-044, 6.45738775e-012, 1.19333394e-001,
        1.83058922e-001, 7.38585120e-004, 4.32392228e-001,
        1.05006846e-025, 1.17022782e-013, 2.64476870e-001],
       [2.28352096e-086, 3.11648019e-005, 1.66148022e-019,
        6.47721856e-016, 6.74941311e-001, 5.62550142e-012,
        4.77325749e-008, 3.25027477e-001, 4.78670117e-018],
       [1.44405370e-079, 5.99095068e-001, 1.03260641e-034,
        2.74145333e-002, 3.02499984e-001, 7.09904151e-002,
        1.08690479e-012, 5.03951647e-020, 8.34188840e-036],
       [1.40945863e-119, 1.69811153e-014, 4.82843878e-029,
        8.14752505e-002, 2.11324644e-004, 4.56783434e-001,
        1.63342196e-012, 6.77832535e-011, 4.61529991e-001],
       [4.22833986e-002, 1.28333576e-001, 4.47447549e-008,
        4.17195807e-002, 3.55380677e-001, 3.03421096e-003,
        8.91745488e-037, 2.48446450e-001, 1.80802062e-001]]), 'startprob': array([1., 0., 0., 0., 0., 0., 0., 0., 0.])}"
